Almacén;Planta;Zona ;Bloque;Columna;Nivel;Ubicación;Alto ub. (cm);Fondo ub. (cm);Comentario
1;1;A;1;1;0;A01 01 0;95;120;
1;1;A;1;1;1;A01 01 1;95;120;
1;1;A;1;1;2;A01 01 2;150;120;
1;1;A;1;1;3;A01 01 3;180;120;
1;1;A;1;2;0;A01 02 0;95;120;
1;1;A;1;2;1;A01 02 1;95;120;
1;1;A;1;2;2;A01 02 2;150;120;
1;1;A;1;2;3;A01 02 3;145;120;Interferencias con vigas - palets de altura 1,45m
1;1;A;1;3;0;A01 03 0;95;120;
1;1;A;1;3;1;A01 03 1;95;120;
1;1;A;1;3;2;A01 03 2;150;120;
1;1;A;1;3;3;A01 03 3;180;120;
1;1;A;1;4;0;A01 04 0;95;120;
1;1;A;1;4;1;A01 04 1;95;120;
1;1;A;1;4;2;A01 04 2;150;120;
1;1;A;1;4;3;A01 04 3;180;120;
1;1;A;1;5;0;A01 05 0;95;120;
1;1;A;1;5;1;A01 05 1;95;120;
1;1;A;1;5;2;A01 05 2;150;120;
1;1;A;1;5;3;A01 05 3;180;120;
1;1;A;1;6;0;A01 06 0;95;120;
1;1;A;1;6;1;A01 06 1;95;120;
1;1;A;1;6;2;A01 06 2;150;120;
1;1;A;1;6;3;A01 06 3;180;120;
1;1;A;1;7;0;A01 07 0;95;120;
1;1;A;1;7;1;A01 07 1;95;120;
1;1;A;1;7;2;A01 07 2;150;120;
1;1;A;1;7;3;A01 07 3;180;120;
1;1;A;1;8;0;A01 08 0;95;120;
1;1;A;1;8;1;A01 08 1;95;120;
1;1;A;1;8;2;A01 08 2;150;120;
1;1;A;1;8;3;A01 08 3;180;120;
1;1;A;1;9;0;A01 09 0;95;120;
1;1;A;1;9;1;A01 09 1;95;120;
1;1;A;1;9;2;A01 09 2;150;120;
1;1;A;1;9;3;A01 09 3;145;120;Interferencias con vigas - palets de altura 1,45m
1;1;A;1;10;0;A01 10 0;95;120;
1;1;A;1;10;1;A01 10 1;95;120;
1;1;A;1;10;2;A01 10 2;150;120;
1;1;A;1;10;3;A01 10 3;180;120;
1;1;A;1;11;0;A01 11 0;95;120;
1;1;A;1;11;1;A01 11 1;95;120;
1;1;A;1;11;2;A01 11 2;150;120;
1;1;A;1;11;3;A01 11 3;180;120;
1;1;A;1;12;0;A01 12 0;95;120;
1;1;A;1;12;1;A01 12 1;95;120;
1;1;A;1;12;2;A01 12 2;150;120;
1;1;A;1;12;3;A01 12 3;180;120;
1;1;A;1;13;0;A01 13 0;95;120;
1;1;A;1;13;1;A01 13 1;95;120;
1;1;A;1;13;2;A01 13 2;150;120;
1;1;A;1;13;3;A01 13 3;180;120;
1;1;A;1;14;0;A01 14 0;95;120;
1;1;A;1;14;1;A01 14 1;95;120;
1;1;A;1;14;2;A01 14 2;150;120;
1;1;A;1;14;3;A01 14 3;180;120;
1;1;A;1;15;0;A01 15 0;95;120;
1;1;A;1;15;1;A01 15 1;95;120;
1;1;A;1;15;2;A01 15 2;150;120;
1;1;A;1;15;3;A01 15 3;180;120;
1;1;A;1;16;0;A01 16 0;95;120;
1;1;A;1;16;1;A01 16 1;95;120;
1;1;A;1;16;2;A01 16 2;150;120;
1;1;A;1;16;3;A01 16 3;145;120;Interferencias con vigas - palets de altura 1,45m
1;1;A;1;17;0;A01 17 0;95;120;
1;1;A;1;17;1;A01 17 1;95;120;
1;1;A;1;17;2;A01 17 2;150;120;
1;1;A;1;17;3;A01 17 3;180;120;
1;1;A;1;18;0;A01 18 0;95;120;
1;1;A;1;18;1;A01 18 1;95;120;
1;1;A;1;18;2;A01 18 2;150;120;
1;1;A;1;18;3;A01 18 3;180;120;
1;1;A;1;19;0;A01 19 0;95;120;
1;1;A;1;19;1;A01 19 1;95;120;
1;1;A;1;19;2;A01 19 2;150;120;
1;1;A;1;19;3;A01 19 3;180;120;
1;1;A;1;20;0;A01 20 0;95;120;
1;1;A;1;20;1;A01 20 1;95;120;
1;1;A;1;20;2;A01 20 2;150;120;
1;1;A;1;20;3;A01 20 3;180;120;
1;1;A;1;21;0;A01 21 0;95;120;
1;1;A;1;21;1;A01 21 1;95;120;
1;1;A;1;21;2;A01 21 2;150;120;
1;1;A;1;21;3;A01 21 3;180;120;
1;1;A;1;22;0;A01 22 0;95;120;
1;1;A;1;22;1;A01 22 1;95;120;
1;1;A;1;22;2;A01 22 2;150;120;
1;1;A;1;22;3;A01 22 3;180;120;
1;1;A;1;23;0;A01 23 0;95;120;
1;1;A;1;23;1;A01 23 1;95;120;
1;1;A;1;23;2;A01 23 2;150;120;
1;1;A;1;23;3;A01 23 3;145;120;Interferencias con vigas - palets de altura 1,45m
1;1;A;1;24;0;A01 24 0;95;120;
1;1;A;1;24;1;A01 24 1;95;120;
1;1;A;1;24;2;A01 24 2;150;120;
1;1;A;1;24;3;A01 24 3;180;120;
1;1;A;1;25;0;A01 25 0;95;120;
1;1;A;1;25;1;A01 25 1;95;120;
1;1;A;1;25;2;A01 25 2;150;120;
1;1;A;1;25;3;A01 25 3;180;120;
1;1;A;1;26;0;A01 26 0;95;120;
1;1;A;1;26;1;A01 26 1;95;120;
1;1;A;1;26;2;A01 26 2;150;120;
1;1;A;1;26;3;A01 26 3;180;120;
1;1;A;1;27;0;A01 27 0;95;120;
1;1;A;1;27;1;A01 27 1;95;120;
1;1;A;1;27;2;A01 27 2;150;120;
1;1;A;1;27;3;A01 27 3;180;120;
1;1;A;1;28;0;A01 28 0;95;120;
1;1;A;1;28;1;A01 28 1;95;120;
1;1;A;1;28;2;A01 28 2;150;120;
1;1;A;1;28;3;A01 28 3;180;120;
1;1;A;1;29;0;A01 29 0;95;120;
1;1;A;1;29;1;A01 29 1;95;120;
1;1;A;1;29;2;A01 29 2;150;120;
1;1;A;1;29;3;A01 29 3;180;120;
1;1;A;1;30;0;A01 30 0;95;120;
1;1;A;1;30;1;A01 30 1;95;120;
1;1;A;1;30;2;A01 30 2;150;120;
1;1;A;1;30;3;A01 30 3;145;120;Interferencias con vigas - palets de altura 1,45m
1;1;A;1;31;0;A01 31 0;95;120;
1;1;A;1;31;1;A01 31 1;95;120;
1;1;A;1;31;2;A01 31 2;150;120;
1;1;A;1;31;3;A01 31 3;180;120;
1;1;A;1;32;0;A01 32 0;95;120;
1;1;A;1;32;1;A01 32 1;95;120;
1;1;A;1;32;2;A01 32 2;150;120;
1;1;A;1;32;3;A01 32 3;180;120;
1;1;A;1;33;0;A01 33 0;95;120;
1;1;A;1;33;1;A01 33 1;95;120;
1;1;A;1;33;2;A01 33 2;150;120;
1;1;A;1;33;3;A01 33 3;180;120;
1;1;A;1;34;0;A01 34 0;95;120;
1;1;A;1;34;1;A01 34 1;95;120;
1;1;A;1;34;2;A01 34 2;150;120;
1;1;A;1;34;3;A01 34 3;180;120;
1;1;A;1;35;0;A01 35 0;95;120;
1;1;A;1;35;1;A01 35 1;95;120;
1;1;A;1;35;2;A01 35 2;150;120;
1;1;A;1;35;3;A01 35 3;180;120;
1;1;A;2;1;0;A02 01 0;95;120;
1;1;A;2;1;1;A02 01 1;95;120;
1;1;A;2;1;2;A02 01 2;150;120;
1;1;A;2;1;3;A02 01 3;180;120;
1;1;A;2;2;0;A02 02 0;95;120;
1;1;A;2;2;1;A02 02 1;95;120;
1;1;A;2;2;2;A02 02 2;150;120;
1;1;A;2;2;3;A02 02 3;145;120;Interferencias con vigas - palets de altura 1,45m
1;1;A;2;3;0;A02 03 0;95;120;
1;1;A;2;3;1;A02 03 1;95;120;
1;1;A;2;3;2;A02 03 2;150;120;
1;1;A;2;3;3;A02 03 3;180;120;
1;1;A;2;4;0;A02 04 0;95;120;
1;1;A;2;4;1;A02 04 1;95;120;
1;1;A;2;4;2;A02 04 2;150;120;
1;1;A;2;4;3;A02 04 3;180;120;
1;1;A;2;5;0;A02 05 0;95;120;
1;1;A;2;5;1;A02 05 1;95;120;
1;1;A;2;5;2;A02 05 2;150;120;
1;1;A;2;5;3;A02 05 3;180;120;
1;1;A;2;6;0;A02 06 0;95;120;
1;1;A;2;6;1;A02 06 1;95;120;
1;1;A;2;6;2;A02 06 2;150;120;
1;1;A;2;6;3;A02 06 3;180;120;
1;1;A;2;7;0;A02 07 0;95;120;
1;1;A;2;7;1;A02 07 1;95;120;
1;1;A;2;7;2;A02 07 2;150;120;
1;1;A;2;7;3;A02 07 3;180;120;
1;1;A;2;8;0;A02 08 0;95;120;
1;1;A;2;8;1;A02 08 1;95;120;
1;1;A;2;8;2;A02 08 2;150;120;
1;1;A;2;8;3;A02 08 3;180;120;
1;1;A;2;9;0;A02 09 0;95;120;
1;1;A;2;9;1;A02 09 1;95;120;
1;1;A;2;9;2;A02 09 2;150;120;
1;1;A;2;9;3;A02 09 3;145;120;Interferencias con vigas - palets de altura 1,45m
1;1;A;2;10;0;A02 10 0;95;120;
1;1;A;2;10;1;A02 10 1;95;120;
1;1;A;2;10;2;A02 10 2;150;120;
1;1;A;2;10;3;A02 10 3;180;120;
1;1;A;2;11;0;A02 11 0;95;120;
1;1;A;2;11;1;A02 11 1;95;120;
1;1;A;2;11;2;A02 11 2;150;120;
1;1;A;2;11;3;A02 11 3;180;120;
1;1;A;2;12;0;A02 12 0;95;120;
1;1;A;2;12;1;A02 12 1;95;120;
1;1;A;2;12;2;A02 12 2;150;120;
1;1;A;2;12;3;A02 12 3;180;120;
1;1;A;2;13;0;A02 13 0;95;120;
1;1;A;2;13;1;A02 13 1;95;120;
1;1;A;2;13;2;A02 13 2;150;120;
1;1;A;2;13;3;A02 13 3;180;120;
1;1;A;2;14;0;A02 14 0;95;120;
1;1;A;2;14;1;A02 14 1;95;120;
1;1;A;2;14;2;A02 14 2;150;120;
1;1;A;2;14;3;A02 14 3;180;120;
1;1;A;2;15;0;A02 15 0;95;120;
1;1;A;2;15;1;A02 15 1;95;120;
1;1;A;2;15;2;A02 15 2;150;120;
1;1;A;2;15;3;A02 15 3;180;120;
1;1;A;2;16;0;A02 16 0;95;120;
1;1;A;2;16;1;A02 16 1;95;120;
1;1;A;2;16;2;A02 16 2;150;120;
1;1;A;2;16;3;A02 16 3;145;120;Interferencias con vigas - palets de altura 1,45m
1;1;A;2;17;0;A02 17 0;95;120;
1;1;A;2;17;1;A02 17 1;95;120;
1;1;A;2;17;2;A02 17 2;150;120;
1;1;A;2;17;3;A02 17 3;180;120;
1;1;A;2;18;0;A02 18 0;95;120;
1;1;A;2;18;1;A02 18 1;95;120;
1;1;A;2;18;2;A02 18 2;150;120;
1;1;A;2;18;3;A02 18 3;180;120;
1;1;A;2;19;0;A02 19 0;95;120;
1;1;A;2;19;1;A02 19 1;95;120;
1;1;A;2;19;2;A02 19 2;150;120;
1;1;A;2;19;3;A02 19 3;180;120;
1;1;A;2;20;0;A02 20 0;95;120;
1;1;A;2;20;1;A02 20 1;95;120;
1;1;A;2;20;2;A02 20 2;150;120;
1;1;A;2;20;3;A02 20 3;180;120;
1;1;A;2;21;0;A02 21 0;95;120;
1;1;A;2;21;1;A02 21 1;95;120;
1;1;A;2;21;2;A02 21 2;150;120;
1;1;A;2;21;3;A02 21 3;180;120;
1;1;A;2;22;0;A02 22 0;95;120;
1;1;A;2;22;1;A02 22 1;95;120;
1;1;A;2;22;2;A02 22 2;150;120;
1;1;A;2;22;3;A02 22 3;180;120;
1;1;A;2;23;0;A02 23 0;95;120;
1;1;A;2;23;1;A02 23 1;95;120;
1;1;A;2;23;2;A02 23 2;150;120;
1;1;A;2;23;3;A02 23 3;145;120;Interferencias con vigas - palets de altura 1,45m
1;1;A;2;24;0;A02 24 0;95;120;
1;1;A;2;24;1;A02 24 1;95;120;
1;1;A;2;24;2;A02 24 2;150;120;
1;1;A;2;24;3;A02 24 3;180;120;
1;1;A;2;25;0;A02 25 0;95;120;
1;1;A;2;25;1;A02 25 1;95;120;
1;1;A;2;25;2;A02 25 2;150;120;
1;1;A;2;25;3;A02 25 3;180;120;
1;1;A;2;26;0;A02 26 0;95;120;
1;1;A;2;26;1;A02 26 1;95;120;
1;1;A;2;26;2;A02 26 2;150;120;
1;1;A;2;26;3;A02 26 3;180;120;
1;1;A;2;27;0;A02 27 0;95;120;
1;1;A;2;27;1;A02 27 1;95;120;
1;1;A;2;27;2;A02 27 2;150;120;
1;1;A;2;27;3;A02 27 3;180;120;
1;1;A;2;28;0;A02 28 0;95;120;
1;1;A;2;28;1;A02 28 1;95;120;
1;1;A;2;28;2;A02 28 2;150;120;
1;1;A;2;28;3;A02 28 3;180;120;
1;1;A;2;29;0;A02 29 0;95;120;
1;1;A;2;29;1;A02 29 1;95;120;
1;1;A;2;29;2;A02 29 2;150;120;
1;1;A;2;29;3;A02 29 3;180;120;
1;1;A;2;30;0;A02 30 0;95;120;
1;1;A;2;30;1;A02 30 1;95;120;
1;1;A;2;30;2;A02 30 2;150;120;
1;1;A;2;30;3;A02 30 3;145;120;Interferencias con vigas - palets de altura 1,45m
1;1;A;2;31;0;A02 31 0;95;120;
1;1;A;2;31;1;A02 31 1;95;120;
1;1;A;2;31;2;A02 31 2;150;120;
1;1;A;2;31;3;A02 31 3;180;120;
1;1;A;2;32;0;A02 32 0;95;120;
1;1;A;2;32;1;A02 32 1;95;120;
1;1;A;2;32;2;A02 32 2;150;120;
1;1;A;2;32;3;A02 32 3;180;120;
1;1;A;2;33;0;A02 33 0;95;120;
1;1;A;2;33;1;A02 33 1;95;120;
1;1;A;2;33;2;A02 33 2;150;120;
1;1;A;2;33;3;A02 33 3;180;120;
1;1;A;3;1;0;A03 01 0;95;120;
1;1;A;3;1;1;A03 01 1;95;120;
1;1;A;3;1;2;A03 01 2;150;120;
1;1;A;3;1;3;A03 01 3;180;120;
1;1;A;3;2;0;A03 02 0;95;120;
1;1;A;3;2;1;A03 02 1;95;120;
1;1;A;3;2;2;A03 02 2;150;120;
1;1;A;3;2;3;A03 02 3;145;120;Interferencias con vigas - palets de altura 1,45m
1;1;A;3;3;0;A03 03 0;95;120;
1;1;A;3;3;1;A03 03 1;95;120;
1;1;A;3;3;2;A03 03 2;150;120;
1;1;A;3;3;3;A03 03 3;180;120;
1;1;A;3;4;0;A03 04 0;95;120;
1;1;A;3;4;1;A03 04 1;95;120;
1;1;A;3;4;2;A03 04 2;150;120;
1;1;A;3;4;3;A03 04 3;180;120;
1;1;A;3;5;0;A03 05 0;95;120;
1;1;A;3;5;1;A03 05 1;95;120;
1;1;A;3;5;2;A03 05 2;150;120;
1;1;A;3;5;3;A03 05 3;180;120;
1;1;A;3;6;0;A03 06 0;95;120;
1;1;A;3;6;1;A03 06 1;95;120;
1;1;A;3;6;2;A03 06 2;150;120;
1;1;A;3;6;3;A03 06 3;180;120;
1;1;A;3;7;0;A03 07 0;95;120;
1;1;A;3;7;1;A03 07 1;95;120;
1;1;A;3;7;2;A03 07 2;150;120;
1;1;A;3;7;3;A03 07 3;180;120;
1;1;A;3;8;0;A03 08 0;95;120;
1;1;A;3;8;1;A03 08 1;95;120;
1;1;A;3;8;2;A03 08 2;150;120;
1;1;A;3;8;3;A03 08 3;180;120;
1;1;A;3;9;0;A03 09 0;95;120;
1;1;A;3;9;1;A03 09 1;95;120;
1;1;A;3;9;2;A03 09 2;150;120;
1;1;A;3;9;3;A03 09 3;145;120;Interferencias con vigas - palets de altura 1,45m
1;1;A;3;10;0;A03 10 0;95;120;
1;1;A;3;10;1;A03 10 1;95;120;
1;1;A;3;10;2;A03 10 2;150;120;
1;1;A;3;10;3;A03 10 3;180;120;
1;1;A;3;11;0;A03 11 0;95;120;
1;1;A;3;11;1;A03 11 1;95;120;
1;1;A;3;11;2;A03 11 2;150;120;
1;1;A;3;11;3;A03 11 3;180;120;
1;1;A;3;12;0;A03 12 0;95;120;
1;1;A;3;12;1;A03 12 1;95;120;
1;1;A;3;12;2;A03 12 2;150;120;
1;1;A;3;12;3;A03 12 3;180;120;
1;1;A;3;13;0;A03 13 0;95;120;
1;1;A;3;13;1;A03 13 1;95;120;
1;1;A;3;13;2;A03 13 2;150;120;
1;1;A;3;13;3;A03 13 3;180;120;
1;1;A;3;14;0;A03 14 0;95;120;
1;1;A;3;14;1;A03 14 1;95;120;
1;1;A;3;14;2;A03 14 2;150;120;
1;1;A;3;14;3;A03 14 3;180;120;
1;1;A;3;15;0;A03 15 0;95;120;
1;1;A;3;15;1;A03 15 1;95;120;
1;1;A;3;15;2;A03 15 2;150;120;
1;1;A;3;15;3;A03 15 3;180;120;
1;1;A;3;16;0;A03 16 0;95;120;
1;1;A;3;16;1;A03 16 1;95;120;
1;1;A;3;16;2;A03 16 2;150;120;
1;1;A;3;16;3;A03 16 3;145;120;Interferencias con vigas - palets de altura 1,45m
1;1;A;3;17;0;A03 17 0;95;120;
1;1;A;3;17;1;A03 17 1;95;120;
1;1;A;3;17;2;A03 17 2;150;120;
1;1;A;3;17;3;A03 17 3;180;120;
1;1;A;3;18;0;A03 18 0;95;120;
1;1;A;3;18;1;A03 18 1;95;120;
1;1;A;3;18;2;A03 18 2;150;120;
1;1;A;3;18;3;A03 18 3;180;120;
1;1;A;3;19;0;A03 19 0;95;120;
1;1;A;3;19;1;A03 19 1;95;120;
1;1;A;3;19;2;A03 19 2;150;120;
1;1;A;3;19;3;A03 19 3;180;120;
1;1;A;3;20;0;A03 20 0;95;120;
1;1;A;3;20;1;A03 20 1;95;120;
1;1;A;3;20;2;A03 20 2;150;120;
1;1;A;3;20;3;A03 20 3;180;120;
1;1;A;3;21;0;A03 21 0;95;120;
1;1;A;3;21;1;A03 21 1;95;120;
1;1;A;3;21;2;A03 21 2;150;120;
1;1;A;3;21;3;A03 21 3;180;120;
1;1;A;3;22;0;A03 22 0;95;120;
1;1;A;3;22;1;A03 22 1;95;120;
1;1;A;3;22;2;A03 22 2;150;120;
1;1;A;3;22;3;A03 22 3;180;120;
1;1;A;3;23;0;A03 23 0;95;120;
1;1;A;3;23;1;A03 23 1;95;120;
1;1;A;3;23;2;A03 23 2;150;120;
1;1;A;3;23;3;A03 23 3;145;120;Interferencias con vigas - palets de altura 1,45m
1;1;A;3;24;0;A03 24 0;95;120;
1;1;A;3;24;1;A03 24 1;95;120;
1;1;A;3;24;2;A03 24 2;150;120;
1;1;A;3;24;3;A03 24 3;180;120;
1;1;A;3;25;0;A03 25 0;95;120;
1;1;A;3;25;1;A03 25 1;95;120;
1;1;A;3;25;2;A03 25 2;150;120;
1;1;A;3;25;3;A03 25 3;180;120;
1;1;A;3;26;0;A03 26 0;95;120;
1;1;A;3;26;1;A03 26 1;95;120;
1;1;A;3;26;2;A03 26 2;150;120;
1;1;A;3;26;3;A03 26 3;180;120;
1;1;A;3;27;0;A03 27 0;95;120;
1;1;A;3;27;1;A03 27 1;95;120;
1;1;A;3;27;2;A03 27 2;150;120;
1;1;A;3;27;3;A03 27 3;180;120;
1;1;A;3;28;0;A03 28 0;95;120;
1;1;A;3;28;1;A03 28 1;95;120;
1;1;A;3;28;2;A03 28 2;150;120;
1;1;A;3;28;3;A03 28 3;180;120;
1;1;A;3;29;0;A03 29 0;95;120;
1;1;A;3;29;1;A03 29 1;95;120;
1;1;A;3;29;2;A03 29 2;150;120;
1;1;A;3;29;3;A03 29 3;180;120;
1;1;A;3;30;0;A03 30 0;95;120;
1;1;A;3;30;1;A03 30 1;95;120;
1;1;A;3;30;2;A03 30 2;150;120;
1;1;A;3;30;3;A03 30 3;145;120;Interferencias con vigas - palets de altura 1,45m
1;1;A;3;31;0;A03 31 0;95;120;
1;1;A;3;31;1;A03 31 1;95;120;
1;1;A;3;31;2;A03 31 2;150;120;
1;1;A;3;31;3;A03 31 3;180;120;
1;1;A;3;32;0;A03 32 0;95;120;
1;1;A;3;32;1;A03 32 1;95;120;
1;1;A;3;32;2;A03 32 2;150;120;
1;1;A;3;32;3;A03 32 3;180;120;
1;1;A;3;33;0;A03 33 0;95;120;
1;1;A;3;33;1;A03 33 1;95;120;
1;1;A;3;33;2;A03 33 2;150;120;
1;1;A;3;33;3;A03 33 3;180;120;
1;1;A;4;1;0;A04 01 0;95;120;
1;1;A;4;1;1;A04 01 1;95;120;
1;1;A;4;1;2;A04 01 2;150;120;
1;1;A;4;1;3;A04 01 3;180;120;
1;1;A;4;2;0;A04 02 0;95;120;
1;1;A;4;2;1;A04 02 1;95;120;
1;1;A;4;2;2;A04 02 2;150;120;
1;1;A;4;2;3;A04 02 3;145;120;Interferencias con vigas - palets de altura 1,45m
1;1;A;4;3;0;A04 03 0;95;120;
1;1;A;4;3;1;A04 03 1;95;120;
1;1;A;4;3;2;A04 03 2;150;120;
1;1;A;4;3;3;A04 03 3;180;120;
1;1;A;4;4;0;A04 04 0;95;120;
1;1;A;4;4;1;A04 04 1;95;120;
1;1;A;4;4;2;A04 04 2;150;120;
1;1;A;4;4;3;A04 04 3;180;120;
1;1;A;4;5;0;A04 05 0;95;120;
1;1;A;4;5;1;A04 05 1;95;120;
1;1;A;4;5;2;A04 05 2;150;120;
1;1;A;4;5;3;A04 05 3;180;120;
1;1;A;4;6;0;A04 06 0;95;120;
1;1;A;4;6;1;A04 06 1;95;120;
1;1;A;4;6;2;A04 06 2;150;120;
1;1;A;4;6;3;A04 06 3;180;120;
1;1;A;4;7;0;A04 07 0;95;120;
1;1;A;4;7;1;A04 07 1;95;120;
1;1;A;4;7;2;A04 07 2;150;120;
1;1;A;4;7;3;A04 07 3;180;120;
1;1;A;4;8;0;A04 08 0;95;120;
1;1;A;4;8;1;A04 08 1;95;120;
1;1;A;4;8;2;A04 08 2;150;120;
1;1;A;4;8;3;A04 08 3;180;120;
1;1;A;4;9;0;A04 09 0;95;120;
1;1;A;4;9;1;A04 09 1;95;120;
1;1;A;4;9;2;A04 09 2;150;120;
1;1;A;4;9;3;A04 09 3;145;120;Interferencias con vigas - palets de altura 1,45m
1;1;A;4;10;0;A04 10 0;95;120;
1;1;A;4;10;1;A04 10 1;95;120;
1;1;A;4;10;2;A04 10 2;150;120;
1;1;A;4;10;3;A04 10 3;180;120;
1;1;A;4;11;0;A04 11 0;95;120;
1;1;A;4;11;1;A04 11 1;95;120;
1;1;A;4;11;2;A04 11 2;150;120;
1;1;A;4;11;3;A04 11 3;180;120;
1;1;A;4;12;0;A04 12 0;95;120;
1;1;A;4;12;1;A04 12 1;95;120;
1;1;A;4;12;2;A04 12 2;150;120;
1;1;A;4;12;3;A04 12 3;180;120;
1;1;A;4;13;0;A04 13 0;95;120;
1;1;A;4;13;1;A04 13 1;95;120;
1;1;A;4;13;2;A04 13 2;150;120;
1;1;A;4;13;3;A04 13 3;180;120;
1;1;A;4;14;0;A04 14 0;95;120;
1;1;A;4;14;1;A04 14 1;95;120;
1;1;A;4;14;2;A04 14 2;150;120;
1;1;A;4;14;3;A04 14 3;180;120;
1;1;A;4;15;0;A04 15 0;95;120;
1;1;A;4;15;1;A04 15 1;95;120;
1;1;A;4;15;2;A04 15 2;150;120;
1;1;A;4;15;3;A04 15 3;180;120;
1;1;A;4;16;0;A04 16 0;95;120;
1;1;A;4;16;1;A04 16 1;95;120;
1;1;A;4;16;2;A04 16 2;150;120;
1;1;A;4;16;3;A04 16 3;145;120;Interferencias con vigas - palets de altura 1,45m
1;1;A;4;17;0;A04 17 0;95;120;
1;1;A;4;17;1;A04 17 1;95;120;
1;1;A;4;17;2;A04 17 2;150;120;
1;1;A;4;17;3;A04 17 3;180;120;
1;1;A;4;18;0;A04 18 0;95;120;
1;1;A;4;18;1;A04 18 1;95;120;
1;1;A;4;18;2;A04 18 2;150;120;
1;1;A;4;18;3;A04 18 3;180;120;
1;1;A;4;19;0;A04 19 0;95;120;
1;1;A;4;19;1;A04 19 1;95;120;
1;1;A;4;19;2;A04 19 2;150;120;
1;1;A;4;19;3;A04 19 3;180;120;
1;1;A;4;20;0;A04 20 0;95;120;
1;1;A;4;20;1;A04 20 1;95;120;
1;1;A;4;20;2;A04 20 2;150;120;
1;1;A;4;20;3;A04 20 3;180;120;
1;1;A;4;21;0;A04 21 0;95;120;
1;1;A;4;21;1;A04 21 1;95;120;
1;1;A;4;21;2;A04 21 2;150;120;
1;1;A;4;21;3;A04 21 3;180;120;
1;1;A;4;22;0;A04 22 0;95;120;
1;1;A;4;22;1;A04 22 1;95;120;
1;1;A;4;22;2;A04 22 2;150;120;
1;1;A;4;22;3;A04 22 3;180;120;
1;1;A;4;23;0;A04 23 0;95;120;
1;1;A;4;23;1;A04 23 1;95;120;
1;1;A;4;23;2;A04 23 2;150;120;
1;1;A;4;23;3;A04 23 3;145;120;Interferencias con vigas - palets de altura 1,45m
1;1;A;4;24;0;A04 24 0;95;120;
1;1;A;4;24;1;A04 24 1;95;120;
1;1;A;4;24;2;A04 24 2;150;120;
1;1;A;4;24;3;A04 24 3;180;120;
1;1;A;4;25;0;A04 25 0;95;120;
1;1;A;4;25;1;A04 25 1;95;120;
1;1;A;4;25;2;A04 25 2;150;120;
1;1;A;4;25;3;A04 25 3;180;120;
1;1;A;4;26;0;A04 26 0;95;120;
1;1;A;4;26;1;A04 26 1;95;120;
1;1;A;4;26;2;A04 26 2;150;120;
1;1;A;4;26;3;A04 26 3;180;120;
1;1;A;4;27;0;A04 27 0;95;120;
1;1;A;4;27;1;A04 27 1;95;120;
1;1;A;4;27;2;A04 27 2;150;120;
1;1;A;4;27;3;A04 27 3;180;120;
1;1;A;4;28;0;A04 28 0;95;120;
1;1;A;4;28;1;A04 28 1;95;120;
1;1;A;4;28;2;A04 28 2;150;120;
1;1;A;4;28;3;A04 28 3;180;120;
1;1;A;4;29;0;A04 29 0;95;120;
1;1;A;4;29;1;A04 29 1;95;120;
1;1;A;4;29;2;A04 29 2;150;120;
1;1;A;4;29;3;A04 29 3;180;120;
1;1;A;4;30;0;A04 30 0;95;120;
1;1;A;4;30;1;A04 30 1;95;120;
1;1;A;4;30;2;A04 30 2;150;120;
1;1;A;4;30;3;A04 30 3;145;120;Interferencias con vigas - palets de altura 1,45m
1;1;A;4;31;0;A04 31 0;95;120;
1;1;A;4;31;1;A04 31 1;95;120;
1;1;A;4;31;2;A04 31 2;150;120;
1;1;A;4;31;3;A04 31 3;180;120;
1;1;A;4;32;0;A04 32 0;95;120;
1;1;A;4;32;1;A04 32 1;95;120;
1;1;A;4;32;2;A04 32 2;150;120;
1;1;A;4;32;3;A04 32 3;180;120;
1;1;A;5;1;0;A05 01 0;95;120;
1;1;A;5;1;1;A05 01 1;95;120;
1;1;A;5;1;2;A05 01 2;150;120;
1;1;A;5;1;3;A05 01 3;180;120;
1;1;A;5;2;0;A05 02 0;95;120;
1;1;A;5;2;1;A05 02 1;95;120;
1;1;A;5;2;2;A05 02 2;150;120;
1;1;A;5;2;3;A05 02 3;145;120;Interferencias con vigas - palets de altura 1,45m
1;1;A;5;3;0;A05 03 0;95;120;
1;1;A;5;3;1;A05 03 1;95;120;
1;1;A;5;3;2;A05 03 2;150;120;
1;1;A;5;3;3;A05 03 3;180;120;
1;1;A;5;4;0;A05 04 0;95;120;
1;1;A;5;4;1;A05 04 1;95;120;
1;1;A;5;4;2;A05 04 2;150;120;
1;1;A;5;4;3;A05 04 3;180;120;
1;1;A;5;5;0;A05 05 0;95;120;
1;1;A;5;5;1;A05 05 1;95;120;
1;1;A;5;5;2;A05 05 2;150;120;
1;1;A;5;5;3;A05 05 3;180;120;
1;1;A;5;6;0;A05 06 0;95;120;
1;1;A;5;6;1;A05 06 1;95;120;
1;1;A;5;6;2;A05 06 2;150;120;
1;1;A;5;6;3;A05 06 3;180;120;
1;1;A;5;7;0;A05 07 0;95;120;
1;1;A;5;7;1;A05 07 1;95;120;
1;1;A;5;7;2;A05 07 2;150;120;
1;1;A;5;7;3;A05 07 3;180;120;
1;1;A;5;8;0;A05 08 0;95;120;
1;1;A;5;8;1;A05 08 1;95;120;
1;1;A;5;8;2;A05 08 2;150;120;
1;1;A;5;8;3;A05 08 3;180;120;
1;1;A;5;9;0;A05 09 0;95;120;
1;1;A;5;9;1;A05 09 1;95;120;
1;1;A;5;9;2;A05 09 2;150;120;
1;1;A;5;9;3;A05 09 3;145;120;Interferencias con vigas - palets de altura 1,45m
1;1;A;5;10;0;A05 10 0;95;120;
1;1;A;5;10;1;A05 10 1;95;120;
1;1;A;5;10;2;A05 10 2;150;120;
1;1;A;5;10;3;A05 10 3;180;120;
1;1;A;5;11;0;A05 11 0;95;120;
1;1;A;5;11;1;A05 11 1;95;120;
1;1;A;5;11;2;A05 11 2;150;120;
1;1;A;5;11;3;A05 11 3;180;120;
1;1;A;5;12;0;A05 12 0;95;120;
1;1;A;5;12;1;A05 12 1;95;120;
1;1;A;5;12;2;A05 12 2;150;120;
1;1;A;5;12;3;A05 12 3;180;120;
1;1;A;5;13;0;A05 13 0;95;120;
1;1;A;5;13;1;A05 13 1;95;120;
1;1;A;5;13;2;A05 13 2;150;120;
1;1;A;5;13;3;A05 13 3;180;120;
1;1;A;5;14;0;A05 14 0;95;120;
1;1;A;5;14;1;A05 14 1;95;120;
1;1;A;5;14;2;A05 14 2;150;120;
1;1;A;5;14;3;A05 14 3;180;120;
1;1;A;5;15;0;A05 15 0;95;120;
1;1;A;5;15;1;A05 15 1;95;120;
1;1;A;5;15;2;A05 15 2;150;120;
1;1;A;5;15;3;A05 15 3;180;120;
1;1;A;5;16;0;A05 16 0;95;120;
1;1;A;5;16;1;A05 16 1;95;120;
1;1;A;5;16;2;A05 16 2;150;120;
1;1;A;5;16;3;A05 16 3;145;120;Interferencias con vigas - palets de altura 1,45m
1;1;A;5;17;0;A05 17 0;95;120;
1;1;A;5;17;1;A05 17 1;95;120;
1;1;A;5;17;2;A05 17 2;150;120;
1;1;A;5;17;3;A05 17 3;180;120;
1;1;A;5;18;0;A05 18 0;95;120;
1;1;A;5;18;1;A05 18 1;95;120;
1;1;A;5;18;2;A05 18 2;150;120;
1;1;A;5;18;3;A05 18 3;180;120;
1;1;A;5;19;0;A05 19 0;95;120;
1;1;A;5;19;1;A05 19 1;95;120;
1;1;A;5;19;2;A05 19 2;150;120;
1;1;A;5;19;3;A05 19 3;180;120;
1;1;A;5;20;0;A05 20 0;180;120;
1;1;A;5;20;1;A05 20 1;180;120;
1;1;A;5;20;2;A05 20 2;180;120;
1;1;A;5;21;0;A05 21 0;180;120;
1;1;A;5;21;1;A05 21 1;180;120;
1;1;A;5;21;2;A05 21 2;180;120;
1;1;A;5;22;0;A05 22 0;180;120;
1;1;A;5;22;1;A05 22 1;180;120;
1;1;A;5;22;2;A05 22 2;180;120;
1;1;A;5;23;0;A05 23 0;180;120;
1;1;A;5;23;1;A05 23 1;180;120;
1;1;A;5;23;2;A05 23 2;145;120;Interferencias con vigas - palets de altura 1,45m
1;1;A;5;24;0;A05 24 0;180;120;
1;1;A;5;24;1;A05 24 1;180;120;
1;1;A;5;24;2;A05 24 2;180;120;
1;1;A;5;25;0;A05 25 0;180;120;
1;1;A;5;25;1;A05 25 1;180;120;
1;1;A;5;25;2;A05 25 2;180;120;
1;1;A;5;26;0;A05 26 0;180;120;
1;1;A;5;26;1;A05 26 1;180;120;
1;1;A;5;26;2;A05 26 2;180;120;
1;1;A;5;27;0;A05 27 0;180;120;
1;1;A;5;27;1;A05 27 1;180;120;
1;1;A;5;27;2;A05 27 2;180;120;
1;1;A;5;28;0;A05 28 0;180;120;
1;1;A;5;28;1;A05 28 1;180;120;
1;1;A;5;28;2;A05 28 2;180;120;
1;1;A;5;29;0;A05 29 0;180;120;
1;1;A;5;29;1;A05 29 1;180;120;
1;1;A;5;29;2;A05 29 2;180;120;
1;1;A;5;30;0;A05 30 0;180;120;
1;1;A;5;30;1;A05 30 1;180;120;
1;1;A;5;30;2;A05 30 2;145;120;Interferencias con vigas - palets de altura 1,45m
1;1;A;5;31;0;A05 31 0;180;120;
1;1;A;5;31;1;A05 31 1;180;120;
1;1;A;5;31;2;A05 31 2;180;120;
1;1;A;5;32;0;A05 32 0;180;120;
1;1;A;5;32;1;A05 32 1;180;120;
1;1;A;5;32;2;A05 32 2;180;120;
1;1;A;6;1;0;A06 01 0;180;120;
1;1;A;6;1;1;A06 01 1;180;120;
1;1;A;6;1;2;A06 01 2;180;120;
1;1;A;6;2;0;A06 02 0;180;120;
1;1;A;6;2;1;A06 02 1;180;120;
1;1;A;6;2;2;A06 02 2;180;120;
1;1;A;6;3;0;A06 03 0;180;120;
1;1;A;6;3;1;A06 03 1;180;120;
1;1;A;6;3;2;A06 03 2;180;120;
1;1;A;6;4;0;A06 04 0;180;120;
1;1;A;6;4;1;A06 04 1;180;120;
1;1;A;6;4;2;A06 04 2;180;120;
1;1;A;6;5;0;A06 05 0;180;120;
1;1;A;6;5;1;A06 05 1;180;120;
1;1;A;6;5;2;A06 05 2;180;120;
1;1;A;6;6;0;A06 06 0;180;120;
1;1;A;6;6;1;A06 06 1;180;120;
1;1;A;6;6;2;A06 06 2;180;120;
1;1;A;6;7;0;A06 07 0;180;120;Interferencias con pilares - ubicaciones anuladas
1;1;A;6;7;1;A06 07 1;180;120;Interferencias con pilares - ubicaciones anuladas
1;1;A;6;7;2;A06 07 2;180;120;Interferencias con pilares - ubicaciones anuladas
1;1;A;6;8;0;A06 08 0;180;120;
1;1;A;6;8;1;A06 08 1;180;120;
1;1;A;6;8;2;A06 08 2;180;120;
1;1;A;6;9;0;A06 09 0;180;120;
1;1;A;6;9;1;A06 09 1;180;120;
1;1;A;6;9;2;A06 09 2;180;120;
1;1;A;6;10;0;A06 10 0;180;120;
1;1;A;6;10;1;A06 10 1;180;120;
1;1;A;6;10;2;A06 10 2;180;120;
1;1;A;6;11;0;A06 11 0;180;120;
1;1;A;6;11;1;A06 11 1;180;120;
1;1;A;6;11;2;A06 11 2;180;120;
1;1;A;6;12;0;A06 12 0;180;120;
1;1;A;6;12;1;A06 12 1;180;120;
1;1;A;6;12;2;A06 12 2;180;120;
1;1;A;6;13;0;A06 13 0;180;120;
1;1;A;6;13;1;A06 13 1;180;120;
1;1;A;6;13;2;A06 13 2;180;120;
1;1;A;6;14;0;A06 14 0;180;120;Interferencias con pilares - ubicaciones anuladas
1;1;A;6;14;1;A06 14 1;180;120;Interferencias con pilares - ubicaciones anuladas
1;1;A;6;14;2;A06 14 2;180;120;Interferencias con pilares - ubicaciones anuladas
1;1;A;6;15;0;A06 15 0;180;120;
1;1;A;6;15;1;A06 15 1;180;120;
1;1;A;6;15;2;A06 15 2;180;120;
1;1;A;6;16;0;A06 16 0;180;120;
1;1;A;6;16;1;A06 16 1;180;120;
1;1;A;6;16;2;A06 16 2;180;120;
1;1;A;6;17;0;A06 17 0;180;120;
1;1;A;6;17;1;A06 17 1;180;120;
1;1;A;6;17;2;A06 17 2;180;120;
1;1;A;6;18;0;A06 18 0;180;120;
1;1;A;6;18;1;A06 18 1;180;120;
1;1;A;6;18;2;A06 18 2;180;120;
1;1;A;6;19;0;A06 19 0;180;120;
1;1;A;6;19;1;A06 19 1;180;120;
1;1;A;6;19;2;A06 19 2;180;120;
1;1;A;6;20;0;A06 20 0;180;120;
1;1;A;6;20;1;A06 20 1;180;120;
1;1;A;6;20;2;A06 20 2;180;120;
1;1;A;6;21;0;A06 21 0;180;120;Interferencias con pilares - ubicaciones anuladas
1;1;A;6;21;1;A06 21 1;180;120;Interferencias con pilares - ubicaciones anuladas
1;1;A;6;21;2;A06 21 2;180;120;Interferencias con pilares - ubicaciones anuladas
1;1;A;6;22;0;A06 22 0;180;120;
1;1;A;6;22;1;A06 22 1;180;120;
1;1;A;6;22;2;A06 22 2;180;120;
1;1;A;6;23;0;A06 23 0;180;120;
1;1;A;6;23;1;A06 23 1;180;120;
1;1;A;6;23;2;A06 23 2;180;120;
1;1;A;6;24;0;A06 24 0;180;120;
1;1;A;6;24;1;A06 24 1;180;120;
1;1;A;6;24;2;A06 24 2;180;120;
1;1;A;6;25;0;A06 25 0;180;120;
1;1;A;6;25;1;A06 25 1;180;120;
1;1;A;6;25;2;A06 25 2;180;120;
1;1;A;6;26;0;A06 26 0;180;120;
1;1;A;6;26;1;A06 26 1;180;120;
1;1;A;6;26;2;A06 26 2;180;120;
1;1;A;6;27;0;A06 27 0;180;120;
1;1;A;6;27;1;A06 27 1;180;120;
1;1;A;6;27;2;A06 27 2;180;120;
1;1;A;6;28;0;A06 28 0;180;120;Interferencias con pilares - ubicaciones anuladas
1;1;A;6;28;1;A06 28 1;180;120;Interferencias con pilares - ubicaciones anuladas
1;1;A;6;28;2;A06 28 2;180;120;Interferencias con pilares - ubicaciones anuladas
1;1;A;6;29;0;A06 29 0;180;120;
1;1;A;6;29;1;A06 29 1;180;120;
1;1;A;6;29;2;A06 29 2;180;120;
1;1;A;6;30;0;A06 30 0;180;120;
1;1;A;6;30;1;A06 30 1;180;120;
1;1;A;6;30;2;A06 30 2;180;120;
1;1;A;6;31;0;A06 31 0;180;120;
1;1;A;6;31;1;A06 31 1;180;120;
1;1;A;6;31;2;A06 31 2;180;120;
1;1;A;6;32;0;A06 32 0;180;120;
1;1;A;6;32;1;A06 32 1;180;120;
1;1;A;6;32;2;A06 32 2;180;120;
1;1;A;6;33;0;A06 33 0;180;120;
1;1;A;6;33;1;A06 33 1;180;120;
1;1;A;6;33;2;A06 33 2;180;120;
1;1;A;6;34;0;A06 34 0;180;120;
1;1;A;6;34;1;A06 34 1;180;120;
1;1;A;6;34;2;A06 34 2;180;120;
1;1;A;6;35;0;A06 35 0;180;120;Interferencias con pilares - ubicaciones anuladas
1;1;A;6;35;1;A06 35 1;180;120;Interferencias con pilares - ubicaciones anuladas
1;1;A;6;35;2;A06 35 2;180;120;Interferencias con pilares - ubicaciones anuladas
1;1;A;6;36;0;A06 36 0;180;120;
1;1;A;6;36;1;A06 36 1;180;120;
1;1;A;6;36;2;A06 36 2;180;120;
1;1;A;6;37;0;A06 37 0;180;120;
1;1;A;6;37;1;A06 37 1;180;120;
1;1;A;6;37;2;A06 37 2;180;120;
1;1;A;7;1;0;A07 01 0;180;120;
1;1;A;7;1;1;A07 01 1;180;120;
1;1;A;7;1;2;A07 01 2;180;120;
1;1;A;7;2;0;A07 02 0;180;120;
1;1;A;7;2;1;A07 02 1;180;120;
1;1;A;7;2;2;A07 02 2;180;120;
1;1;A;7;3;0;A07 03 0;180;120;
1;1;A;7;3;1;A07 03 1;180;120;
1;1;A;7;3;2;A07 03 2;180;120;
1;1;A;7;4;0;A07 04 0;180;120;
1;1;A;7;4;1;A07 04 1;180;120;
1;1;A;7;4;2;A07 04 2;180;120;
1;1;A;7;5;0;A07 05 0;180;120;
1;1;A;7;5;1;A07 05 1;180;120;
1;1;A;7;5;2;A07 05 2;180;120;
1;1;A;7;6;0;A07 06 0;180;120;
1;1;A;7;6;1;A07 06 1;180;120;
1;1;A;7;6;2;A07 06 2;180;120;
1;1;A;7;7;0;A07 07 0;180;120;
1;1;A;7;7;1;A07 07 1;180;120;
1;1;A;7;7;2;A07 07 2;145;120;Interferencias con vigas - palets de altura 1,45m
1;1;A;7;8;0;A07 08 0;180;120;
1;1;A;7;8;1;A07 08 1;180;120;
1;1;A;7;8;2;A07 08 2;180;120;
1;1;A;7;9;0;A07 09 0;180;120;
1;1;A;7;9;1;A07 09 1;180;120;
1;1;A;7;9;2;A07 09 2;180;120;
1;1;A;7;10;0;A07 10 0;180;120;
1;1;A;7;10;1;A07 10 1;180;120;
1;1;A;7;10;2;A07 10 2;180;120;
1;1;A;7;11;0;A07 11 0;180;120;
1;1;A;7;11;1;A07 11 1;180;120;
1;1;A;7;11;2;A07 11 2;180;120;
1;1;A;7;12;0;A07 12 0;180;120;
1;1;A;7;12;1;A07 12 1;180;120;
1;1;A;7;12;2;A07 12 2;180;120;
1;1;A;7;13;0;A07 13 0;180;120;
1;1;A;7;13;1;A07 13 1;180;120;
1;1;A;7;13;2;A07 13 2;180;120;
1;1;A;7;14;0;A07 14 0;180;120;
1;1;A;7;14;1;A07 14 1;180;120;
1;1;A;7;14;2;A07 14 2;145;120;Interferencias con vigas - palets de altura 1,45m
1;1;A;7;15;0;A07 15 0;180;120;
1;1;A;7;15;1;A07 15 1;180;120;
1;1;A;7;15;2;A07 15 2;180;120;
1;1;A;7;16;0;A07 16 0;180;120;
1;1;A;7;16;1;A07 16 1;180;120;
1;1;A;7;16;2;A07 16 2;180;120;
1;1;A;7;17;0;A07 17 0;180;120;
1;1;A;7;17;1;A07 17 1;180;120;
1;1;A;7;17;2;A07 17 2;180;120;
1;1;A;7;18;0;A07 18 0;180;120;
1;1;A;7;18;1;A07 18 1;180;120;
1;1;A;7;18;2;A07 18 2;180;120;
1;1;A;7;19;0;A07 19 0;180;120;
1;1;A;7;19;1;A07 19 1;180;120;
1;1;A;7;19;2;A07 19 2;180;120;
1;1;A;7;20;0;A07 20 0;180;120;
1;1;A;7;20;1;A07 20 1;180;120;
1;1;A;7;20;2;A07 20 2;180;120;
1;1;A;7;21;0;A07 21 0;180;120;
1;1;A;7;21;1;A07 21 1;180;120;
1;1;A;7;21;2;A07 21 2;145;120;Interferencias con vigas - palets de altura 1,45m
1;1;A;7;22;0;A07 22 0;180;120;
1;1;A;7;22;1;A07 22 1;180;120;
1;1;A;7;22;2;A07 22 2;180;120;
1;1;A;7;23;0;A07 23 0;180;120;
1;1;A;7;23;1;A07 23 1;180;120;
1;1;A;7;23;2;A07 23 2;180;120;
1;1;A;7;24;0;A07 24 0;180;120;
1;1;A;7;24;1;A07 24 1;180;120;
1;1;A;7;24;2;A07 24 2;180;120;
1;1;A;7;25;0;A07 25 0;180;120;
1;1;A;7;25;1;A07 25 1;180;120;
1;1;A;7;25;2;A07 25 2;180;120;
1;1;A;7;26;0;A07 26 0;180;120;
1;1;A;7;26;1;A07 26 1;180;120;
1;1;A;7;26;2;A07 26 2;180;120;
1;1;A;7;27;0;A07 27 0;180;120;
1;1;A;7;27;1;A07 27 1;180;120;
1;1;A;7;27;2;A07 27 2;180;120;
1;1;A;7;28;0;A07 28 0;180;120;
1;1;A;7;28;1;A07 28 1;180;120;
1;1;A;7;28;2;A07 28 2;145;120;Interferencias con vigas - palets de altura 1,45m
1;1;A;7;29;0;A07 29 0;180;120;
1;1;A;7;29;1;A07 29 1;180;120;
1;1;A;7;29;2;A07 29 2;180;120;
1;1;A;7;30;0;A07 30 0;180;120;
1;1;A;7;30;1;A07 30 1;180;120;
1;1;A;7;30;2;A07 30 2;180;120;
1;1;A;7;31;0;A07 31 0;180;120;
1;1;A;7;31;1;A07 31 1;180;120;
1;1;A;7;31;2;A07 31 2;180;120;
1;1;A;7;32;0;A07 32 0;180;120;
1;1;A;7;32;1;A07 32 1;180;120;
1;1;A;7;32;2;A07 32 2;180;120;
1;1;A;7;33;0;A07 33 0;180;120;
1;1;A;7;33;1;A07 33 1;180;120;
1;1;A;7;33;2;A07 33 2;180;120;
1;1;A;7;34;0;A07 34 0;180;120;
1;1;A;7;34;1;A07 34 1;180;120;
1;1;A;7;34;2;A07 34 2;180;120;
1;1;A;7;35;0;A07 35 0;180;120;
1;1;A;7;35;1;A07 35 1;180;120;
1;1;A;7;35;2;A07 35 2;145;120;Interferencias con vigas - palets de altura 1,45m
1;1;A;7;36;0;A07 36 0;180;120;
1;1;A;7;36;1;A07 36 1;180;120;
1;1;A;7;36;2;A07 36 2;180;120;
1;1;A;7;37;0;A07 37 0;180;120;
1;1;A;7;37;1;A07 37 1;180;120;
1;1;A;7;37;2;A07 37 2;180;120;
1;1;A;8;1;0;A08 01 0;180;120;
1;1;A;8;1;1;A08 01 1;180;120;
1;1;A;8;1;2;A08 01 2;180;120;
1;1;A;8;2;0;A08 02 0;180;120;
1;1;A;8;2;1;A08 02 1;180;120;
1;1;A;8;2;2;A08 02 2;180;120;
1;1;A;8;3;0;A08 03 0;180;120;
1;1;A;8;3;1;A08 03 1;180;120;
1;1;A;8;3;2;A08 03 2;180;120;
1;1;A;8;4;0;A08 04 0;180;120;
1;1;A;8;4;1;A08 04 1;180;120;
1;1;A;8;4;2;A08 04 2;180;120;
1;1;A;8;5;0;A08 05 0;180;120;
1;1;A;8;5;1;A08 05 1;180;120;
1;1;A;8;5;2;A08 05 2;180;120;
1;1;A;8;6;0;A08 06 0;180;120;
1;1;A;8;6;1;A08 06 1;180;120;
1;1;A;8;6;2;A08 06 2;180;120;
1;1;A;8;7;0;A08 07 0;180;120;
1;1;A;8;7;1;A08 07 1;180;120;
1;1;A;8;7;2;A08 07 2;145;120;Interferencias con vigas - palets de altura 1,45m
1;1;A;8;8;0;A08 08 0;180;120;
1;1;A;8;8;1;A08 08 1;180;120;
1;1;A;8;8;2;A08 08 2;180;120;
1;1;A;8;9;0;A08 09 0;180;120;
1;1;A;8;9;1;A08 09 1;180;120;
1;1;A;8;9;2;A08 09 2;180;120;
1;1;A;8;10;0;A08 10 0;180;120;
1;1;A;8;10;1;A08 10 1;180;120;
1;1;A;8;10;2;A08 10 2;180;120;
1;1;A;8;11;0;A08 11 0;180;120;
1;1;A;8;11;1;A08 11 1;180;120;
1;1;A;8;11;2;A08 11 2;180;120;
1;1;A;8;12;0;A08 12 0;180;120;
1;1;A;8;12;1;A08 12 1;180;120;
1;1;A;8;12;2;A08 12 2;180;120;
1;1;A;8;13;0;A08 13 0;180;120;
1;1;A;8;13;1;A08 13 1;180;120;
1;1;A;8;13;2;A08 13 2;180;120;
1;1;A;8;14;0;A08 14 0;180;120;
1;1;A;8;14;1;A08 14 1;180;120;
1;1;A;8;14;2;A08 14 2;145;120;Interferencias con vigas - palets de altura 1,45m
1;1;A;8;15;0;A08 15 0;180;120;
1;1;A;8;15;1;A08 15 1;180;120;
1;1;A;8;15;2;A08 15 2;180;120;
1;1;A;8;16;0;A08 16 0;180;120;
1;1;A;8;16;1;A08 16 1;180;120;
1;1;A;8;16;2;A08 16 2;180;120;
1;1;A;8;17;0;A08 17 0;180;120;
1;1;A;8;17;1;A08 17 1;180;120;
1;1;A;8;17;2;A08 17 2;180;120;
1;1;A;8;18;0;A08 18 0;180;120;
1;1;A;8;18;1;A08 18 1;180;120;
1;1;A;8;18;2;A08 18 2;180;120;
1;1;A;8;19;0;A08 19 0;180;120;
1;1;A;8;19;1;A08 19 1;180;120;
1;1;A;8;19;2;A08 19 2;180;120;
1;1;A;8;20;0;A08 20 0;180;120;
1;1;A;8;20;1;A08 20 1;180;120;
1;1;A;8;20;2;A08 20 2;180;120;
1;1;A;8;21;0;A08 21 0;180;120;
1;1;A;8;21;1;A08 21 1;180;120;
1;1;A;8;21;2;A08 21 2;145;120;Interferencias con vigas - palets de altura 1,45m
1;1;A;8;22;0;A08 22 0;180;120;
1;1;A;8;22;1;A08 22 1;180;120;
1;1;A;8;22;2;A08 22 2;180;120;
1;1;A;8;23;0;A08 23 0;180;120;
1;1;A;8;23;1;A08 23 1;180;120;
1;1;A;8;23;2;A08 23 2;180;120;
1;1;A;8;24;0;A08 24 0;180;120;
1;1;A;8;24;1;A08 24 1;180;120;
1;1;A;8;24;2;A08 24 2;180;120;
1;1;A;8;25;0;A08 25 0;180;120;
1;1;A;8;25;1;A08 25 1;180;120;
1;1;A;8;25;2;A08 25 2;180;120;
1;1;A;8;26;0;A08 26 0;180;120;
1;1;A;8;26;1;A08 26 1;180;120;
1;1;A;8;26;2;A08 26 2;180;120;
1;1;A;8;27;0;A08 27 0;180;120;
1;1;A;8;27;1;A08 27 1;180;120;
1;1;A;8;27;2;A08 27 2;180;120;
1;1;A;8;28;0;A08 28 0;180;120;
1;1;A;8;28;1;A08 28 1;180;120;
1;1;A;8;28;2;A08 28 2;145;120;Interferencias con vigas - palets de altura 1,45m
1;1;A;8;29;0;A08 29 0;180;120;
1;1;A;8;29;1;A08 29 1;180;120;
1;1;A;8;29;2;A08 29 2;180;120;
1;1;A;8;30;0;A08 30 0;180;120;
1;1;A;8;30;1;A08 30 1;180;120;
1;1;A;8;30;2;A08 30 2;180;120;
1;1;A;8;31;0;A08 31 0;180;120;
1;1;A;8;31;1;A08 31 1;180;120;
1;1;A;8;31;2;A08 31 2;180;120;
1;1;A;8;32;0;A08 32 0;180;120;
1;1;A;8;32;1;A08 32 1;180;120;
1;1;A;8;32;2;A08 32 2;180;120;
1;1;A;8;33;0;A08 33 0;180;120;
1;1;A;8;33;1;A08 33 1;180;120;
1;1;A;8;33;2;A08 33 2;180;120;
1;1;A;8;34;0;A08 34 0;180;120;
1;1;A;8;34;1;A08 34 1;180;120;
1;1;A;8;34;2;A08 34 2;180;120;
1;1;A;8;35;0;A08 35 0;180;120;
1;1;A;8;35;1;A08 35 1;180;120;
1;1;A;8;35;2;A08 35 2;145;120;Interferencias con vigas - palets de altura 1,45m
1;1;A;8;36;0;A08 36 0;180;120;
1;1;A;8;36;1;A08 36 1;180;120;
1;1;A;8;36;2;A08 36 2;180;120;
1;1;A;9;1;0;A09 01 0;180;120;
1;1;A;9;1;1;A09 01 1;180;120;
1;1;A;9;1;2;A09 01 2;180;120;
1;1;A;9;2;0;A09 02 0;180;120;
1;1;A;9;2;1;A09 02 1;180;120;
1;1;A;9;2;2;A09 02 2;180;120;
1;1;A;9;3;0;A09 03 0;180;120;
1;1;A;9;3;1;A09 03 1;180;120;
1;1;A;9;3;2;A09 03 2;180;120;
1;1;A;9;4;0;A09 04 0;180;120;
1;1;A;9;4;1;A09 04 1;180;120;
1;1;A;9;4;2;A09 04 2;180;120;
1;1;A;9;5;0;A09 05 0;180;120;
1;1;A;9;5;1;A09 05 1;180;120;
1;1;A;9;5;2;A09 05 2;180;120;
1;1;A;9;6;0;A09 06 0;180;120;
1;1;A;9;6;1;A09 06 1;180;120;
1;1;A;9;6;2;A09 06 2;180;120;
1;1;A;9;7;0;A09 07 0;180;120;
1;1;A;9;7;1;A09 07 1;180;120;
1;1;A;9;7;2;A09 07 2;145;120;Interferencias con vigas - palets de altura 1,45m
1;1;A;9;8;0;A09 08 0;180;120;
1;1;A;9;8;1;A09 08 1;180;120;
1;1;A;9;8;2;A09 08 2;180;120;
1;1;A;9;9;0;A09 09 0;180;120;
1;1;A;9;9;1;A09 09 1;180;120;
1;1;A;9;9;2;A09 09 2;180;120;
1;1;A;9;10;0;A09 10 0;180;120;
1;1;A;9;10;1;A09 10 1;180;120;
1;1;A;9;10;2;A09 10 2;180;120;
1;1;A;9;11;0;A09 11 0;180;120;
1;1;A;9;11;1;A09 11 1;180;120;
1;1;A;9;11;2;A09 11 2;180;120;
1;1;A;9;12;0;A09 12 0;180;120;
1;1;A;9;12;1;A09 12 1;180;120;
1;1;A;9;12;2;A09 12 2;180;120;
1;1;A;9;13;0;A09 13 0;180;120;
1;1;A;9;13;1;A09 13 1;180;120;
1;1;A;9;13;2;A09 13 2;180;120;
1;1;A;9;14;0;A09 14 0;180;120;
1;1;A;9;14;1;A09 14 1;180;120;
1;1;A;9;14;2;A09 14 2;145;120;Interferencias con vigas - palets de altura 1,45m
1;1;A;9;15;0;A09 15 0;180;120;
1;1;A;9;15;1;A09 15 1;180;120;
1;1;A;9;15;2;A09 15 2;180;120;
1;1;A;9;16;0;A09 16 0;180;120;
1;1;A;9;16;1;A09 16 1;180;120;
1;1;A;9;16;2;A09 16 2;180;120;
1;1;A;9;17;0;A09 17 0;180;120;
1;1;A;9;17;1;A09 17 1;180;120;
1;1;A;9;17;2;A09 17 2;180;120;
1;1;A;9;18;0;A09 18 0;180;120;
1;1;A;9;18;1;A09 18 1;180;120;
1;1;A;9;18;2;A09 18 2;180;120;
1;1;A;9;19;0;A09 19 0;180;120;
1;1;A;9;19;1;A09 19 1;180;120;
1;1;A;9;19;2;A09 19 2;180;120;
1;1;A;9;20;0;A09 20 0;180;120;
1;1;A;9;20;1;A09 20 1;180;120;
1;1;A;9;20;2;A09 20 2;180;120;
1;1;A;9;21;0;A09 21 0;180;120;
1;1;A;9;21;1;A09 21 1;180;120;
1;1;A;9;21;2;A09 21 2;145;120;Interferencias con vigas - palets de altura 1,45m
1;1;A;9;22;0;A09 22 0;180;120;
1;1;A;9;22;1;A09 22 1;180;120;
1;1;A;9;22;2;A09 22 2;180;120;
1;1;A;9;23;0;A09 23 0;180;120;
1;1;A;9;23;1;A09 23 1;180;120;
1;1;A;9;23;2;A09 23 2;180;120;
1;1;A;9;24;0;A09 24 0;180;120;
1;1;A;9;24;1;A09 24 1;180;120;
1;1;A;9;24;2;A09 24 2;180;120;
1;1;A;9;25;0;A09 25 0;180;120;
1;1;A;9;25;1;A09 25 1;180;120;
1;1;A;9;25;2;A09 25 2;180;120;
1;1;A;9;26;0;A09 26 0;180;120;
1;1;A;9;26;1;A09 26 1;180;120;
1;1;A;9;26;2;A09 26 2;180;120;
1;1;A;9;27;0;A09 27 0;180;120;
1;1;A;9;27;1;A09 27 1;180;120;
1;1;A;9;27;2;A09 27 2;180;120;
1;1;A;9;28;0;A09 28 0;180;120;
1;1;A;9;28;1;A09 28 1;180;120;
1;1;A;9;28;2;A09 28 2;145;120;Interferencias con vigas - palets de altura 1,45m
1;1;A;9;29;0;A09 29 0;180;120;
1;1;A;9;29;1;A09 29 1;180;120;
1;1;A;9;29;2;A09 29 2;180;120;
1;1;A;9;30;0;A09 30 0;180;120;
1;1;A;9;30;1;A09 30 1;180;120;
1;1;A;9;30;2;A09 30 2;180;120;
1;1;A;9;31;0;A09 31 0;180;120;
1;1;A;9;31;1;A09 31 1;180;120;
1;1;A;9;31;2;A09 31 2;180;120;
1;1;A;9;32;0;A09 32 0;180;120;
1;1;A;9;32;1;A09 32 1;180;120;
1;1;A;9;32;2;A09 32 2;180;120;
1;1;A;9;33;0;A09 33 0;180;120;
1;1;A;9;33;1;A09 33 1;180;120;
1;1;A;9;33;2;A09 33 2;180;120;
1;1;A;9;34;0;A09 34 0;180;120;
1;1;A;9;34;1;A09 34 1;180;120;
1;1;A;9;34;2;A09 34 2;180;120;
1;1;A;9;35;0;A09 35 0;180;120;
1;1;A;9;35;1;A09 35 1;180;120;
1;1;A;9;35;2;A09 35 2;145;120;Interferencias con vigas - palets de altura 1,45m
1;1;A;9;36;0;A09 36 0;180;120;
1;1;A;9;36;1;A09 36 1;180;120;
1;1;A;9;36;2;A09 36 2;180;120;
1;1;A;10;1;0;A10 01 0;180;140;
1;1;A;10;1;1;A10 01 1;180;140;
1;1;A;10;1;2;A10 01 2;180;140;
1;1;A;10;2;0;A10 02 0;180;140;
1;1;A;10;2;1;A10 02 1;180;140;
1;1;A;10;2;2;A10 02 2;180;140;
1;1;A;10;3;0;A10 03 0;180;140;
1;1;A;10;3;1;A10 03 1;180;140;
1;1;A;10;3;2;A10 03 2;180;140;
1;1;A;10;4;0;A10 04 0;180;140;
1;1;A;10;4;1;A10 04 1;180;140;
1;1;A;10;4;2;A10 04 2;180;140;
1;1;A;10;5;0;A10 05 0;180;140;
1;1;A;10;5;1;A10 05 1;180;140;
1;1;A;10;5;2;A10 05 2;180;140;
1;1;A;10;6;0;A10 06 0;180;140;
1;1;A;10;6;1;A10 06 1;180;140;
1;1;A;10;6;2;A10 06 2;180;140;
1;1;A;10;7;0;A10 07 0;180;140;
1;1;A;10;7;1;A10 07 1;180;140;
1;1;A;10;7;2;A10 07 2;180;140;
1;1;A;10;8;0;A10 08 0;180;140;
1;1;A;10;8;1;A10 08 1;180;140;
1;1;A;10;8;2;A10 08 2;180;140;
1;1;A;10;9;0;A10 09 0;180;140;
1;1;A;10;9;1;A10 09 1;180;140;
1;1;A;10;9;2;A10 09 2;180;140;
1;1;A;10;10;0;A10 10 0;180;140;
1;1;A;10;10;1;A10 10 1;180;140;
1;1;A;10;10;2;A10 10 2;180;140;
1;1;A;10;11;0;A10 11 0;180;140;
1;1;A;10;11;1;A10 11 1;180;140;
1;1;A;10;11;2;A10 11 2;180;140;
1;1;A;10;12;0;A10 12 0;180;140;
1;1;A;10;12;1;A10 12 1;180;140;
1;1;A;10;12;2;A10 12 2;180;140;
1;1;A;10;13;0;A10 13 0;180;140;
1;1;A;10;13;1;A10 13 1;180;140;
1;1;A;10;13;2;A10 13 2;145;140;Interferencias con vigas - palets de altura 1,45m
1;1;A;10;14;0;A10 14 0;180;140;
1;1;A;10;14;1;A10 14 1;180;140;
1;1;A;10;14;2;A10 14 2;180;140;
1;1;A;10;15;0;A10 15 0;180;140;
1;1;A;10;15;1;A10 15 1;180;140;
1;1;A;10;15;2;A10 15 2;180;140;
1;1;A;10;16;0;A10 16 0;180;140;
1;1;A;10;16;1;A10 16 1;180;140;
1;1;A;10;16;2;A10 16 2;180;140;
1;1;A;10;17;0;A10 17 0;180;140;
1;1;A;10;17;1;A10 17 1;180;140;
1;1;A;10;17;2;A10 17 2;180;140;
1;1;A;10;18;0;A10 18 0;180;140;
1;1;A;10;18;1;A10 18 1;180;140;
1;1;A;10;18;2;A10 18 2;180;140;
1;1;A;10;19;0;A10 19 0;180;140;
1;1;A;10;19;1;A10 19 1;180;140;
1;1;A;10;19;2;A10 19 2;180;140;
1;1;A;10;20;0;A10 20 0;180;140;
1;1;A;10;20;1;A10 20 1;180;140;
1;1;A;10;20;2;A10 20 2;145;140;Interferencias con vigas - palets de altura 1,45m
1;1;A;10;21;0;A10 21 0;180;140;
1;1;A;10;21;1;A10 21 1;180;140;
1;1;A;10;21;2;A10 21 2;180;140;
1;1;A;10;22;0;A10 22 0;180;140;
1;1;A;10;22;1;A10 22 1;180;140;
1;1;A;10;22;2;A10 22 2;180;140;
1;1;A;10;23;0;A10 23 0;180;140;
1;1;A;10;23;1;A10 23 1;180;140;
1;1;A;10;23;2;A10 23 2;180;140;
1;1;A;10;24;0;A10 24 0;180;140;
1;1;A;10;24;1;A10 24 1;180;140;
1;1;A;10;24;2;A10 24 2;180;140;
1;1;A;10;25;0;A10 25 0;180;140;
1;1;A;10;25;1;A10 25 1;180;140;
1;1;A;10;25;2;A10 25 2;180;140;
1;1;A;10;26;0;A10 26 0;180;140;
1;1;A;10;26;1;A10 26 1;180;140;
1;1;A;10;26;2;A10 26 2;180;140;
1;1;A;10;27;0;A10 27 0;180;140;
1;1;A;10;27;1;A10 27 1;180;140;
1;1;A;10;27;2;A10 27 2;145;140;Interferencias con vigas - palets de altura 1,45m
1;1;A;10;28;0;A10 28 0;180;140;
1;1;A;10;28;1;A10 28 1;180;140;
1;1;A;10;28;2;A10 28 2;180;140;
1;1;A;11;1;0;A11 01 0;180;140;
1;1;A;11;1;1;A11 01 1;180;140;
1;1;A;11;1;2;A11 01 2;180;140;
1;1;A;11;2;0;A11 02 0;180;140;
1;1;A;11;2;1;A11 02 1;180;140;
1;1;A;11;2;2;A11 02 2;180;140;
1;1;A;11;3;0;A11 03 0;180;140;
1;1;A;11;3;1;A11 03 1;180;140;
1;1;A;11;3;2;A11 03 2;180;140;
1;1;A;11;4;0;A11 04 0;180;140;
1;1;A;11;4;1;A11 04 1;180;140;
1;1;A;11;4;2;A11 04 2;180;140;
1;1;A;11;5;0;A11 05 0;180;140;
1;1;A;11;5;1;A11 05 1;180;140;
1;1;A;11;5;2;A11 05 2;180;140;
1;1;A;11;6;0;A11 06 0;180;140;
1;1;A;11;6;1;A11 06 1;180;140;
1;1;A;11;6;2;A11 06 2;180;140;
1;1;A;11;7;0;A11 07 0;180;140;
1;1;A;11;7;1;A11 07 1;180;140;
1;1;A;11;7;2;A11 07 2;180;140;
1;1;A;11;8;0;A11 08 0;180;140;
1;1;A;11;8;1;A11 08 1;180;140;
1;1;A;11;8;2;A11 08 2;180;140;
1;1;A;11;9;0;A11 09 0;180;140;
1;1;A;11;9;1;A11 09 1;180;140;
1;1;A;11;9;2;A11 09 2;180;140;
1;1;A;11;10;0;A11 10 0;180;140;
1;1;A;11;10;1;A11 10 1;180;140;
1;1;A;11;10;2;A11 10 2;180;140;
1;1;A;11;11;0;A11 11 0;180;140;
1;1;A;11;11;1;A11 11 1;180;140;
1;1;A;11;11;2;A11 11 2;180;140;
1;1;A;11;12;0;A11 12 0;180;140;
1;1;A;11;12;1;A11 12 1;180;140;
1;1;A;11;12;2;A11 12 2;180;140;
1;1;A;11;13;0;A11 13 0;180;140;Interferencias con pilares - ubicaciones anuladas
1;1;A;11;13;1;A11 13 1;180;140;Interferencias con pilares - ubicaciones anuladas
1;1;A;11;13;2;A11 13 2;180;140;Interferencias con pilares - ubicaciones anuladas
1;1;A;11;14;0;A11 14 0;180;140;
1;1;A;11;14;1;A11 14 1;180;140;
1;1;A;11;14;2;A11 14 2;180;140;
1;1;A;11;15;0;A11 15 0;180;140;
1;1;A;11;15;1;A11 15 1;180;140;
1;1;A;11;15;2;A11 15 2;180;140;
1;1;A;11;16;0;A11 16 0;180;140;
1;1;A;11;16;1;A11 16 1;180;140;
1;1;A;11;16;2;A11 16 2;180;140;
1;1;A;11;17;0;A11 17 0;180;140;
1;1;A;11;17;1;A11 17 1;180;140;
1;1;A;11;17;2;A11 17 2;180;140;
1;1;A;11;18;0;A11 18 0;180;140;
1;1;A;11;18;1;A11 18 1;180;140;
1;1;A;11;18;2;A11 18 2;180;140;
1;1;A;11;19;0;A11 19 0;180;140;
1;1;A;11;19;1;A11 19 1;180;140;
1;1;A;11;19;2;A11 19 2;180;140;
1;1;A;11;20;0;A11 20 0;180;140;Interferencias con pilares - ubicaciones anuladas
1;1;A;11;20;1;A11 20 1;180;140;Interferencias con pilares - ubicaciones anuladas
1;1;A;11;20;2;A11 20 2;180;140;Interferencias con pilares - ubicaciones anuladas
1;1;A;11;21;0;A11 21 0;180;140;
1;1;A;11;21;1;A11 21 1;180;140;
1;1;A;11;21;2;A11 21 2;180;140;
1;1;A;11;22;0;A11 22 0;180;140;
1;1;A;11;22;1;A11 22 1;180;140;
1;1;A;11;22;2;A11 22 2;180;140;
1;1;A;11;23;0;A11 23 0;180;140;
1;1;A;11;23;1;A11 23 1;180;140;
1;1;A;11;23;2;A11 23 2;180;140;
1;1;A;11;24;0;A11 24 0;180;140;
1;1;A;11;24;1;A11 24 1;180;140;
1;1;A;11;24;2;A11 24 2;180;140;
1;1;A;11;25;0;A11 25 0;180;140;
1;1;A;11;25;1;A11 25 1;180;140;
1;1;A;11;25;2;A11 25 2;180;140;
1;1;A;11;26;0;A11 26 0;180;140;
1;1;A;11;26;1;A11 26 1;180;140;
1;1;A;11;26;2;A11 26 2;180;140;
1;1;A;11;27;0;A11 27 0;180;140;Interferencias con pilares - ubicaciones anuladas
1;1;A;11;27;1;A11 27 1;180;140;Interferencias con pilares - ubicaciones anuladas
1;1;A;11;27;2;A11 27 2;180;140;Interferencias con pilares - ubicaciones anuladas
1;1;A;11;28;0;A11 28 0;180;140;
1;1;A;11;28;1;A11 28 1;180;140;
1;1;A;11;28;2;A11 28 2;180;140;
1;1;A;12;1;0;A12 01 0;180;120;
1;1;A;12;1;1;A12 01 1;180;120;
1;1;A;12;1;2;A12 01 2;180;120;
1;1;A;12;2;0;A12 02 0;180;120;
1;1;A;12;2;1;A12 02 1;180;120;
1;1;A;12;2;2;A12 02 2;180;120;
1;1;A;12;3;0;A12 03 0;180;120;
1;1;A;12;3;1;A12 03 1;180;120;
1;1;A;12;3;2;A12 03 2;180;120;
1;1;A;12;4;0;A12 04 0;180;120;
1;1;A;12;4;1;A12 04 1;180;120;
1;1;A;12;4;2;A12 04 2;180;120;
1;1;A;12;5;0;A12 05 0;180;120;
1;1;A;12;5;1;A12 05 1;180;120;
1;1;A;12;5;2;A12 05 2;180;120;
1;1;A;12;6;0;A12 06 0;180;120;
1;1;A;12;6;1;A12 06 1;180;120;
1;1;A;12;6;2;A12 06 2;180;120;
1;1;A;12;7;0;A12 07 0;180;120;
1;1;A;12;7;1;A12 07 1;180;120;
1;1;A;12;7;2;A12 07 2;145;120;Interferencias con vigas - palets de altura 1,45m
1;1;A;12;8;0;A12 08 0;180;120;
1;1;A;12;8;1;A12 08 1;180;120;
1;1;A;12;8;2;A12 08 2;180;120;
1;1;A;12;9;0;A12 09 0;180;120;
1;1;A;12;9;1;A12 09 1;180;120;
1;1;A;12;9;2;A12 09 2;180;120;
1;1;A;12;10;0;A12 10 0;180;120;
1;1;A;12;10;1;A12 10 1;180;120;
1;1;A;12;10;2;A12 10 2;180;120;
1;1;A;12;11;0;A12 11 0;180;120;
1;1;A;12;11;1;A12 11 1;180;120;
1;1;A;12;11;2;A12 11 2;180;120;
1;1;A;12;12;0;A12 12 0;180;120;
1;1;A;12;12;1;A12 12 1;180;120;
1;1;A;12;12;2;A12 12 2;180;120;
1;1;A;12;13;0;A12 13 0;180;120;
1;1;A;12;13;1;A12 13 1;180;120;
1;1;A;12;13;2;A12 13 2;180;120;
1;1;A;12;14;0;A12 14 0;180;120;
1;1;A;12;14;1;A12 14 1;180;120;
1;1;A;12;14;2;A12 14 2;145;120;Interferencias con vigas - palets de altura 1,45m
1;1;A;12;15;0;A12 15 0;180;120;
1;1;A;12;15;1;A12 15 1;180;120;
1;1;A;12;15;2;A12 15 2;180;120;
1;1;A;12;16;0;A12 16 0;180;120;
1;1;A;12;16;1;A12 16 1;180;120;
1;1;A;12;16;2;A12 16 2;180;120;
1;1;A;12;17;0;A12 17 0;180;120;
1;1;A;12;17;1;A12 17 1;180;120;
1;1;A;12;17;2;A12 17 2;180;120;
1;1;A;12;18;0;A12 18 0;180;120;
1;1;A;12;18;1;A12 18 1;180;120;
1;1;A;12;18;2;A12 18 2;180;120;
1;1;A;12;19;0;A12 19 0;180;120;
1;1;A;12;19;1;A12 19 1;180;120;
1;1;A;12;19;2;A12 19 2;180;120;
1;1;A;12;20;0;A12 20 0;180;120;
1;1;A;12;20;1;A12 20 1;180;120;
1;1;A;12;20;2;A12 20 2;180;120;
1;1;A;12;21;0;A12 21 0;180;120;
1;1;A;12;21;1;A12 21 1;180;120;
1;1;A;12;21;2;A12 21 2;145;120;Interferencias con vigas - palets de altura 1,45m
1;1;A;12;22;0;A12 22 0;180;120;
1;1;A;12;22;1;A12 22 1;180;120;
1;1;A;12;22;2;A12 22 2;180;120;
1;1;A;12;23;0;A12 23 0;180;120;
1;1;A;12;23;1;A12 23 1;180;120;
1;1;A;12;23;2;A12 23 2;180;120;
1;1;A;12;24;0;A12 24 0;180;120;
1;1;A;12;24;1;A12 24 1;180;120;
1;1;A;12;24;2;A12 24 2;180;120;
1;1;A;12;25;0;A12 25 0;180;120;
1;1;A;12;25;1;A12 25 1;180;120;
1;1;A;12;25;2;A12 25 2;180;120;
1;1;A;12;26;0;A12 26 0;180;120;
1;1;A;12;26;1;A12 26 1;180;120;
1;1;A;12;26;2;A12 26 2;180;120;
1;1;A;12;27;0;A12 27 0;180;120;
1;1;A;12;27;1;A12 27 1;180;120;
1;1;A;12;27;2;A12 27 2;180;120;
1;1;A;12;28;0;A12 28 0;180;120;
1;1;A;12;28;1;A12 28 1;180;120;
1;1;A;12;28;2;A12 28 2;145;120;Interferencias con vigas - palets de altura 1,45m
1;1;A;12;29;0;A12 29 0;180;120;
1;1;A;12;29;1;A12 29 1;180;120;
1;1;A;12;29;2;A12 29 2;180;120;
1;1;A;12;30;0;A12 30 0;180;120;
1;1;A;12;30;1;A12 30 1;180;120;
1;1;A;12;30;2;A12 30 2;180;120;
1;1;A;12;31;0;A12 31 0;180;120;
1;1;A;12;31;1;A12 31 1;180;120;
1;1;A;12;31;2;A12 31 2;180;120;
1;1;A;12;32;0;A12 32 0;180;120;
1;1;A;12;32;1;A12 32 1;180;120;
1;1;A;12;32;2;A12 32 2;180;120;
1;1;A;12;33;0;A12 33 0;180;120;
1;1;A;12;33;1;A12 33 1;180;120;
1;1;A;12;33;2;A12 33 2;180;120;
1;1;A;12;34;0;A12 34 0;180;120;
1;1;A;12;34;1;A12 34 1;180;120;
1;1;A;12;34;2;A12 34 2;180;120;
1;1;A;12;35;0;A12 35 0;180;120;
1;1;A;12;35;1;A12 35 1;180;120;
1;1;A;12;35;2;A12 35 2;145;120;Interferencias con vigas - palets de altura 1,45m
1;1;A;13;1;0;A13 01 0;180;120;
1;1;A;13;1;1;A13 01 1;180;120;
1;1;A;13;1;2;A13 01 2;180;120;
1;1;A;13;2;0;A13 02 0;180;120;
1;1;A;13;2;1;A13 02 1;180;120;
1;1;A;13;2;2;A13 02 2;180;120;
1;1;A;13;3;0;A13 03 0;180;120;
1;1;A;13;3;1;A13 03 1;180;120;
1;1;A;13;3;2;A13 03 2;180;120;
1;1;A;13;4;0;A13 04 0;180;120;
1;1;A;13;4;1;A13 04 1;180;120;
1;1;A;13;4;2;A13 04 2;180;120;
1;1;A;13;5;0;A13 05 0;180;120;
1;1;A;13;5;1;A13 05 1;180;120;
1;1;A;13;5;2;A13 05 2;180;120;
1;1;A;13;6;0;A13 06 0;180;120;
1;1;A;13;6;1;A13 06 1;180;120;
1;1;A;13;6;2;A13 06 2;180;120;
1;1;A;13;7;0;A13 07 0;180;120;
1;1;A;13;7;1;A13 07 1;180;120;
1;1;A;13;7;2;A13 07 2;145;120;Interferencias con vigas - palets de altura 1,45m
1;1;A;13;8;0;A13 08 0;180;120;
1;1;A;13;8;1;A13 08 1;180;120;
1;1;A;13;8;2;A13 08 2;180;120;
1;1;A;13;9;0;A13 09 0;180;120;
1;1;A;13;9;1;A13 09 1;180;120;
1;1;A;13;9;2;A13 09 2;180;120;
1;1;A;13;10;0;A13 10 0;180;120;
1;1;A;13;10;1;A13 10 1;180;120;
1;1;A;13;10;2;A13 10 2;180;120;
1;1;A;13;11;0;A13 11 0;180;120;
1;1;A;13;11;1;A13 11 1;180;120;
1;1;A;13;11;2;A13 11 2;180;120;
1;1;A;13;12;0;A13 12 0;180;120;
1;1;A;13;12;1;A13 12 1;180;120;
1;1;A;13;12;2;A13 12 2;180;120;
1;1;A;13;13;0;A13 13 0;180;120;
1;1;A;13;13;1;A13 13 1;180;120;
1;1;A;13;13;2;A13 13 2;180;120;
1;1;A;13;14;0;A13 14 0;180;120;
1;1;A;13;14;1;A13 14 1;180;120;
1;1;A;13;14;2;A13 14 2;145;120;Interferencias con vigas - palets de altura 1,45m
1;1;A;13;15;0;A13 15 0;180;120;
1;1;A;13;15;1;A13 15 1;180;120;
1;1;A;13;15;2;A13 15 2;180;120;
1;1;A;13;16;0;A13 16 0;180;120;
1;1;A;13;16;1;A13 16 1;180;120;
1;1;A;13;16;2;A13 16 2;180;120;
1;1;A;13;17;0;A13 17 0;180;120;
1;1;A;13;17;1;A13 17 1;180;120;
1;1;A;13;17;2;A13 17 2;180;120;
1;1;A;13;18;0;A13 18 0;180;120;
1;1;A;13;18;1;A13 18 1;180;120;
1;1;A;13;18;2;A13 18 2;180;120;
1;1;A;13;19;0;A13 19 0;180;120;
1;1;A;13;19;1;A13 19 1;180;120;
1;1;A;13;19;2;A13 19 2;180;120;
1;1;A;13;20;0;A13 20 0;180;120;
1;1;A;13;20;1;A13 20 1;180;120;
1;1;A;13;20;2;A13 20 2;180;120;
1;1;A;13;21;0;A13 21 0;180;120;
1;1;A;13;21;1;A13 21 1;180;120;
1;1;A;13;21;2;A13 21 2;145;120;Interferencias con vigas - palets de altura 1,45m
1;1;A;13;22;0;A13 22 0;180;120;
1;1;A;13;22;1;A13 22 1;180;120;
1;1;A;13;22;2;A13 22 2;180;120;
1;1;A;13;23;0;A13 23 0;180;120;
1;1;A;13;23;1;A13 23 1;180;120;
1;1;A;13;23;2;A13 23 2;180;120;
1;1;A;13;24;0;A13 24 0;180;120;
1;1;A;13;24;1;A13 24 1;180;120;
1;1;A;13;24;2;A13 24 2;180;120;
1;1;A;13;25;0;A13 25 0;180;120;
1;1;A;13;25;1;A13 25 1;180;120;
1;1;A;13;25;2;A13 25 2;180;120;
1;1;A;13;26;0;A13 26 0;180;120;
1;1;A;13;26;1;A13 26 1;180;120;
1;1;A;13;26;2;A13 26 2;180;120;
1;1;A;13;27;0;A13 27 0;180;120;
1;1;A;13;27;1;A13 27 1;180;120;
1;1;A;13;27;2;A13 27 2;180;120;
1;1;A;13;28;0;A13 28 0;180;120;
1;1;A;13;28;1;A13 28 1;180;120;
1;1;A;13;28;2;A13 28 2;145;120;Interferencias con vigas - palets de altura 1,45m
1;1;A;13;29;0;A13 29 0;180;120;
1;1;A;13;29;1;A13 29 1;180;120;
1;1;A;13;29;2;A13 29 2;180;120;
1;1;A;13;30;0;A13 30 0;180;120;
1;1;A;13;30;1;A13 30 1;180;120;
1;1;A;13;30;2;A13 30 2;180;120;
1;1;A;13;31;0;A13 31 0;180;120;
1;1;A;13;31;1;A13 31 1;180;120;
1;1;A;13;31;2;A13 31 2;180;120;
1;1;A;13;32;0;A13 32 0;180;120;
1;1;A;13;32;1;A13 32 1;180;120;
1;1;A;13;32;2;A13 32 2;180;120;
1;1;A;13;33;0;A13 33 0;180;120;
1;1;A;13;33;1;A13 33 1;180;120;
1;1;A;13;33;2;A13 33 2;180;120;
1;1;A;13;34;0;A13 34 0;180;120;
1;1;A;13;34;1;A13 34 1;180;120;
1;1;A;13;34;2;A13 34 2;180;120;
1;1;A;13;35;0;A13 35 0;180;120;
1;1;A;13;35;1;A13 35 1;180;120;
1;1;A;13;35;2;A13 35 2;145;120;Interferencias con vigas - palets de altura 1,45m
1;1;A;14;1;0;A14 01 0;180;120;
1;1;A;14;1;1;A14 01 1;180;120;
1;1;A;14;1;2;A14 01 2;180;120;
1;1;A;14;2;0;A14 02 0;180;120;
1;1;A;14;2;1;A14 02 1;180;120;
1;1;A;14;2;2;A14 02 2;180;120;
1;1;A;14;3;0;A14 03 0;180;120;
1;1;A;14;3;1;A14 03 1;180;120;
1;1;A;14;3;2;A14 03 2;180;120;
1;1;A;14;4;0;A14 04 0;180;120;
1;1;A;14;4;1;A14 04 1;180;120;
1;1;A;14;4;2;A14 04 2;180;120;
1;1;A;14;5;0;A14 05 0;180;120;
1;1;A;14;5;1;A14 05 1;180;120;
1;1;A;14;5;2;A14 05 2;180;120;
1;1;A;14;6;0;A14 06 0;180;120;
1;1;A;14;6;1;A14 06 1;180;120;
1;1;A;14;6;2;A14 06 2;180;120;
1;1;A;14;7;0;A14 07 0;180;120;
1;1;A;14;7;1;A14 07 1;180;120;
1;1;A;14;7;2;A14 07 2;145;120;Interferencias con vigas - palets de altura 1,45m
1;1;A;14;8;0;A14 08 0;180;120;
1;1;A;14;8;1;A14 08 1;180;120;
1;1;A;14;8;2;A14 08 2;180;120;
1;1;A;14;9;0;A14 09 0;180;120;
1;1;A;14;9;1;A14 09 1;180;120;
1;1;A;14;9;2;A14 09 2;180;120;
1;1;A;14;10;0;A14 10 0;180;120;
1;1;A;14;10;1;A14 10 1;180;120;
1;1;A;14;10;2;A14 10 2;180;120;
1;1;A;14;11;0;A14 11 0;180;120;
1;1;A;14;11;1;A14 11 1;180;120;
1;1;A;14;11;2;A14 11 2;180;120;
1;1;A;14;12;0;A14 12 0;180;120;
1;1;A;14;12;1;A14 12 1;180;120;
1;1;A;14;12;2;A14 12 2;180;120;
1;1;A;14;13;0;A14 13 0;180;120;
1;1;A;14;13;1;A14 13 1;180;120;
1;1;A;14;13;2;A14 13 2;180;120;
1;1;A;14;14;0;A14 14 0;180;120;
1;1;A;14;14;1;A14 14 1;180;120;
1;1;A;14;14;2;A14 14 2;145;120;Interferencias con vigas - palets de altura 1,45m
1;1;A;14;15;0;A14 15 0;180;120;
1;1;A;14;15;1;A14 15 1;180;120;
1;1;A;14;15;2;A14 15 2;180;120;
1;1;A;14;16;0;A14 16 0;180;120;
1;1;A;14;16;1;A14 16 1;180;120;
1;1;A;14;16;2;A14 16 2;180;120;
1;1;A;14;17;0;A14 17 0;180;120;
1;1;A;14;17;1;A14 17 1;180;120;
1;1;A;14;17;2;A14 17 2;180;120;
1;1;A;14;18;0;A14 18 0;180;120;
1;1;A;14;18;1;A14 18 1;180;120;
1;1;A;14;18;2;A14 18 2;180;120;
1;1;A;14;19;0;A14 19 0;180;120;
1;1;A;14;19;1;A14 19 1;180;120;
1;1;A;14;19;2;A14 19 2;180;120;
1;1;A;14;20;0;A14 20 0;180;120;
1;1;A;14;20;1;A14 20 1;180;120;
1;1;A;14;20;2;A14 20 2;180;120;
1;1;A;14;21;0;A14 21 0;180;120;
1;1;A;14;21;1;A14 21 1;180;120;
1;1;A;14;21;2;A14 21 2;145;120;Interferencias con vigas - palets de altura 1,45m
1;1;A;14;22;0;A14 22 0;180;120;
1;1;A;14;22;1;A14 22 1;180;120;
1;1;A;14;22;2;A14 22 2;180;120;
1;1;A;14;23;0;A14 23 0;180;120;
1;1;A;14;23;1;A14 23 1;180;120;
1;1;A;14;23;2;A14 23 2;180;120;
1;1;A;14;24;0;A14 24 0;180;120;
1;1;A;14;24;1;A14 24 1;180;120;
1;1;A;14;24;2;A14 24 2;180;120;
1;1;A;14;25;0;A14 25 0;180;120;
1;1;A;14;25;1;A14 25 1;180;120;
1;1;A;14;25;2;A14 25 2;180;120;
1;1;A;14;26;0;A14 26 0;180;120;
1;1;A;14;26;1;A14 26 1;180;120;
1;1;A;14;26;2;A14 26 2;180;120;
1;1;A;14;27;0;A14 27 0;180;120;
1;1;A;14;27;1;A14 27 1;180;120;
1;1;A;14;27;2;A14 27 2;180;120;
1;1;A;14;28;0;A14 28 0;180;120;
1;1;A;14;28;1;A14 28 1;180;120;
1;1;A;14;28;2;A14 28 2;145;120;Interferencias con vigas - palets de altura 1,45m
1;1;A;14;29;0;A14 29 0;180;120;
1;1;A;14;29;1;A14 29 1;180;120;
1;1;A;14;29;2;A14 29 2;180;120;
1;1;A;14;30;0;A14 30 0;180;120;
1;1;A;14;30;1;A14 30 1;180;120;
1;1;A;14;30;2;A14 30 2;180;120;
1;1;A;14;31;0;A14 31 0;180;120;
1;1;A;14;31;1;A14 31 1;180;120;
1;1;A;14;31;2;A14 31 2;180;120;
1;1;A;14;32;0;A14 32 0;180;120;
1;1;A;14;32;1;A14 32 1;180;120;
1;1;A;14;32;2;A14 32 2;180;120;
1;1;A;14;33;0;A14 33 0;180;120;
1;1;A;14;33;1;A14 33 1;180;120;
1;1;A;14;33;2;A14 33 2;180;120;
1;1;A;14;34;0;A14 34 0;180;120;
1;1;A;14;34;1;A14 34 1;180;120;
1;1;A;14;34;2;A14 34 2;180;120;
1;1;A;14;35;0;A14 35 0;180;120;
1;1;A;14;35;1;A14 35 1;180;120;
1;1;A;14;35;2;A14 35 2;145;120;Interferencias con vigas - palets de altura 1,45m
1;1;A;15;1;0;A15 01 0;180;120;
1;1;A;15;1;1;A15 01 1;180;120;
1;1;A;15;1;2;A15 01 2;180;120;
1;1;A;15;2;0;A15 02 0;180;120;
1;1;A;15;2;1;A15 02 1;180;120;
1;1;A;15;2;2;A15 02 2;180;120;
1;1;A;15;3;0;A15 03 0;180;120;
1;1;A;15;3;1;A15 03 1;180;120;
1;1;A;15;3;2;A15 03 2;180;120;
1;1;A;15;4;0;A15 04 0;180;120;
1;1;A;15;4;1;A15 04 1;180;120;
1;1;A;15;4;2;A15 04 2;180;120;
1;1;A;15;5;0;A15 05 0;180;120;
1;1;A;15;5;1;A15 05 1;180;120;
1;1;A;15;5;2;A15 05 2;180;120;
1;1;A;15;6;0;A15 06 0;180;120;
1;1;A;15;6;1;A15 06 1;180;120;
1;1;A;15;6;2;A15 06 2;180;120;
1;1;A;15;7;0;A15 07 0;180;120;
1;1;A;15;7;1;A15 07 1;180;120;
1;1;A;15;7;2;A15 07 2;145;120;Interferencias con vigas - palets de altura 1,45m
1;1;A;15;8;0;A15 08 0;180;120;
1;1;A;15;8;1;A15 08 1;180;120;
1;1;A;15;8;2;A15 08 2;180;120;
1;1;A;15;9;0;A15 09 0;180;120;
1;1;A;15;9;1;A15 09 1;180;120;
1;1;A;15;9;2;A15 09 2;180;120;
1;1;A;15;10;0;A15 10 0;180;120;
1;1;A;15;10;1;A15 10 1;180;120;
1;1;A;15;10;2;A15 10 2;180;120;
1;1;A;15;11;0;A15 11 0;180;120;
1;1;A;15;11;1;A15 11 1;180;120;
1;1;A;15;11;2;A15 11 2;180;120;
1;1;A;15;12;0;A15 12 0;180;120;
1;1;A;15;12;1;A15 12 1;180;120;
1;1;A;15;12;2;A15 12 2;180;120;
1;1;A;15;13;0;A15 13 0;180;120;
1;1;A;15;13;1;A15 13 1;180;120;
1;1;A;15;13;2;A15 13 2;180;120;
1;1;A;15;14;0;A15 14 0;180;120;
1;1;A;15;14;1;A15 14 1;180;120;
1;1;A;15;14;2;A15 14 2;145;120;Interferencias con vigas - palets de altura 1,45m
1;1;A;15;15;0;A15 15 0;180;120;
1;1;A;15;15;1;A15 15 1;180;120;
1;1;A;15;15;2;A15 15 2;180;120;
1;1;A;15;16;0;A15 16 0;180;120;
1;1;A;15;16;1;A15 16 1;180;120;
1;1;A;15;16;2;A15 16 2;180;120;
1;1;A;15;17;0;A15 17 0;180;120;
1;1;A;15;17;1;A15 17 1;180;120;
1;1;A;15;17;2;A15 17 2;180;120;
1;1;A;15;18;0;A15 18 0;180;120;
1;1;A;15;18;1;A15 18 1;180;120;
1;1;A;15;18;2;A15 18 2;180;120;
1;1;A;15;19;0;A15 19 0;180;120;
1;1;A;15;19;1;A15 19 1;180;120;
1;1;A;15;19;2;A15 19 2;180;120;
1;1;A;15;20;0;A15 20 0;180;120;
1;1;A;15;20;1;A15 20 1;180;120;
1;1;A;15;20;2;A15 20 2;180;120;
1;1;A;15;21;0;A15 21 0;180;120;
1;1;A;15;21;1;A15 21 1;180;120;
1;1;A;15;21;2;A15 21 2;145;120;Interferencias con vigas - palets de altura 1,45m
1;1;A;15;22;0;A15 22 0;180;120;
1;1;A;15;22;1;A15 22 1;180;120;
1;1;A;15;22;2;A15 22 2;180;120;
1;1;A;15;23;0;A15 23 0;180;120;
1;1;A;15;23;1;A15 23 1;180;120;
1;1;A;15;23;2;A15 23 2;180;120;
1;1;A;15;24;0;A15 24 0;180;120;
1;1;A;15;24;1;A15 24 1;180;120;
1;1;A;15;24;2;A15 24 2;180;120;
1;1;A;15;25;0;A15 25 0;180;120;
1;1;A;15;25;1;A15 25 1;180;120;
1;1;A;15;25;2;A15 25 2;180;120;
1;1;A;15;26;0;A15 26 0;180;120;
1;1;A;15;26;1;A15 26 1;180;120;
1;1;A;15;26;2;A15 26 2;180;120;
1;1;A;15;27;0;A15 27 0;180;120;
1;1;A;15;27;1;A15 27 1;180;120;
1;1;A;15;27;2;A15 27 2;180;120;
1;1;A;15;28;0;A15 28 0;180;120;
1;1;A;15;28;1;A15 28 1;180;120;
1;1;A;15;28;2;A15 28 2;145;120;Interferencias con vigas - palets de altura 1,45m
1;1;A;15;29;0;A15 29 0;180;120;
1;1;A;15;29;1;A15 29 1;180;120;
1;1;A;15;29;2;A15 29 2;180;120;
1;1;A;15;30;0;A15 30 0;180;120;
1;1;A;15;30;1;A15 30 1;180;120;
1;1;A;15;30;2;A15 30 2;180;120;
1;1;A;15;31;0;A15 31 0;180;120;
1;1;A;15;31;1;A15 31 1;180;120;
1;1;A;15;31;2;A15 31 2;180;120;
1;1;A;15;32;0;A15 32 0;180;120;
1;1;A;15;32;1;A15 32 1;180;120;
1;1;A;15;32;2;A15 32 2;180;120;
1;1;A;15;33;0;A15 33 0;180;120;
1;1;A;15;33;1;A15 33 1;180;120;
1;1;A;15;33;2;A15 33 2;180;120;
1;1;A;15;34;0;A15 34 0;180;120;
1;1;A;15;34;1;A15 34 1;180;120;
1;1;A;15;34;2;A15 34 2;180;120;
1;1;A;15;35;0;A15 35 0;180;120;
1;1;A;15;35;1;A15 35 1;180;120;
1;1;A;15;35;2;A15 35 2;145;120;Interferencias con vigas - palets de altura 1,45m
1;1;A;16;1;0;A16 01 0;180;120;
1;1;A;16;1;1;A16 01 1;180;120;
1;1;A;16;1;2;A16 01 2;180;120;Interferencias con vigas - palets de altura 1,45m
1;1;A;16;2;0;A16 02 0;180;120;
1;1;A;16;2;1;A16 02 1;180;120;
1;1;A;16;2;2;A16 02 2;180;120;Interferencias con vigas - palets de altura 1,45m
1;1;A;16;3;0;A16 03 0;180;120;
1;1;A;16;3;1;A16 03 1;180;120;
1;1;A;16;3;2;A16 03 2;180;120;Interferencias con vigas - palets de altura 1,45m
1;1;A;16;4;0;A16 04 0;180;120;
1;1;A;16;4;1;A16 04 1;180;120;
1;1;A;16;4;2;A16 04 2;180;120;Interferencias con vigas - palets de altura 1,45m
1;1;A;16;5;0;A16 05 0;180;120;
1;1;A;16;5;1;A16 05 1;180;120;
1;1;A;16;5;2;A16 05 2;180;120;Interferencias con vigas - palets de altura 1,45m
1;1;A;16;6;0;A16 06 0;180;120;
1;1;A;16;6;1;A16 06 1;180;120;
1;1;A;16;6;2;A16 06 2;180;120;Interferencias con vigas - palets de altura 1,45m
1;1;A;16;7;0;A16 07 0;180;120;
1;1;A;16;7;1;A16 07 1;180;120;
1;1;A;16;7;2;A16 07 2;145;120;Interferencias con vigas - palets de altura 1,45m
1;1;A;16;8;0;A16 08 0;180;120;
1;1;A;16;8;1;A16 08 1;180;120;
1;1;A;16;8;2;A16 08 2;180;120;Interferencias con vigas - palets de altura 1,45m
1;1;A;16;9;0;A16 09 0;180;120;
1;1;A;16;9;1;A16 09 1;180;120;
1;1;A;16;9;2;A16 09 2;180;120;Interferencias con vigas - palets de altura 1,45m
1;1;A;16;10;0;A16 10 0;180;120;
1;1;A;16;10;1;A16 10 1;180;120;
1;1;A;16;10;2;A16 10 2;180;120;Interferencias con vigas - palets de altura 1,45m
1;1;A;16;11;0;A16 11 0;180;120;
1;1;A;16;11;1;A16 11 1;180;120;
1;1;A;16;11;2;A16 11 2;180;120;Interferencias con vigas - palets de altura 1,45m
1;1;A;16;12;0;A16 12 0;180;120;
1;1;A;16;12;1;A16 12 1;180;120;
1;1;A;16;12;2;A16 12 2;180;120;Interferencias con vigas - palets de altura 1,45m
1;1;A;16;13;0;A16 13 0;180;120;
1;1;A;16;13;1;A16 13 1;180;120;
1;1;A;16;13;2;A16 13 2;180;120;Interferencias con vigas - palets de altura 1,45m
1;1;A;16;14;0;A16 14 0;180;120;
1;1;A;16;14;1;A16 14 1;180;120;
1;1;A;16;14;2;A16 14 2;145;120;Interferencias con vigas - palets de altura 1,45m
1;1;A;16;15;0;A16 15 0;180;120;
1;1;A;16;15;1;A16 15 1;180;120;
1;1;A;16;15;2;A16 15 2;180;120;Interferencias con vigas - palets de altura 1,45m
1;1;A;16;16;0;A16 16 0;180;120;
1;1;A;16;16;1;A16 16 1;180;120;
1;1;A;16;16;2;A16 16 2;180;120;Interferencias con vigas - palets de altura 1,45m
1;1;A;16;17;0;A16 17 0;180;120;
1;1;A;16;17;1;A16 17 1;180;120;
1;1;A;16;17;2;A16 17 2;180;120;Interferencias con vigas - palets de altura 1,45m
1;1;A;16;18;0;A16 18 0;180;120;
1;1;A;16;18;1;A16 18 1;180;120;
1;1;A;16;18;2;A16 18 2;180;120;Interferencias con vigas - palets de altura 1,45m
1;1;A;16;19;0;A16 19 0;180;120;
1;1;A;16;19;1;A16 19 1;180;120;
1;1;A;16;19;2;A16 19 2;180;120;Interferencias con vigas - palets de altura 1,45m
1;1;A;16;20;0;A16 20 0;180;120;
1;1;A;16;20;1;A16 20 1;180;120;
1;1;A;16;20;2;A16 20 2;180;120;Interferencias con vigas - palets de altura 1,45m
1;1;A;16;21;0;A16 21 0;180;120;
1;1;A;16;21;1;A16 21 1;180;120;
1;1;A;16;21;2;A16 21 2;145;120;Interferencias con vigas - palets de altura 1,45m
1;1;A;16;22;0;A16 22 0;180;120;
1;1;A;16;22;1;A16 22 1;180;120;
1;1;A;16;22;2;A16 22 2;180;120;Interferencias con vigas - palets de altura 1,45m
1;1;A;16;23;0;A16 23 0;180;120;
1;1;A;16;23;1;A16 23 1;180;120;
1;1;A;16;23;2;A16 23 2;180;120;Interferencias con vigas - palets de altura 1,45m
1;1;A;16;24;0;A16 24 0;180;120;
1;1;A;16;24;1;A16 24 1;180;120;
1;1;A;16;24;2;A16 24 2;180;120;Interferencias con vigas - palets de altura 1,45m
1;1;A;16;25;0;A16 25 0;180;120;
1;1;A;16;25;1;A16 25 1;180;120;
1;1;A;16;25;2;A16 25 2;180;120;Interferencias con vigas - palets de altura 1,45m
1;1;A;16;26;0;A16 26 0;180;120;
1;1;A;16;26;1;A16 26 1;180;120;
1;1;A;16;26;2;A16 26 2;180;120;Interferencias con vigas - palets de altura 1,45m
1;1;A;16;27;0;A16 27 0;180;120;
1;1;A;16;27;1;A16 27 1;180;120;
1;1;A;16;27;2;A16 27 2;180;120;Interferencias con vigas - palets de altura 1,45m
1;1;A;16;28;0;A16 28 0;180;120;
1;1;A;16;28;1;A16 28 1;180;120;
1;1;A;16;28;2;A16 28 2;145;120;Interferencias con vigas - palets de altura 1,45m
1;1;A;16;29;0;A16 29 0;180;120;
1;1;A;16;29;1;A16 29 1;180;120;
1;1;A;16;29;2;A16 29 2;180;120;Interferencias con vigas - palets de altura 1,45m
1;1;A;16;30;0;A16 30 0;180;120;
1;1;A;16;30;1;A16 30 1;180;120;
1;1;A;16;30;2;A16 30 2;180;120;Interferencias con vigas - palets de altura 1,45m
1;1;A;16;31;0;A16 31 0;180;120;
1;1;A;16;31;1;A16 31 1;180;120;
1;1;A;16;31;2;A16 31 2;180;120;Interferencias con vigas - palets de altura 1,45m
1;1;A;16;32;0;A16 32 0;180;120;
1;1;A;16;32;1;A16 32 1;180;120;
1;1;A;16;32;2;A16 32 2;180;120;Interferencias con vigas - palets de altura 1,45m
1;1;A;16;33;0;A16 33 0;180;120;
1;1;A;16;33;1;A16 33 1;180;120;
1;1;A;16;33;2;A16 33 2;180;120;Interferencias con vigas - palets de altura 1,45m
1;1;A;16;34;0;A16 34 0;180;120;
1;1;A;16;34;1;A16 34 1;180;120;
1;1;A;16;34;2;A16 34 2;180;120;Interferencias con vigas - palets de altura 1,45m
1;1;A;16;35;0;A16 35 0;180;120;
1;1;A;16;35;1;A16 35 1;180;120;
1;1;A;16;35;2;A16 35 2;145;120;Interferencias con vigas - palets de altura 1,45m
1;1;A;16;36;0;A16 36 0;180;120;
1;1;A;16;36;1;A16 36 1;180;120;
1;1;A;16;36;2;A16 36 2;180;120;Interferencias con vigas - palets de altura 1,45m
;;;;;;  ;;;
;;;;;;  ;;;
;;;;;;  ;;;
;;;;;;  ;;;
